"query","significant","p_value","term_size","query_size","intersection_size","precision","recall","term_id","source","term_name","effective_domain_size","source_order","parents","evidence_codes","intersection"
"Down-regulated",TRUE,0.000405816318472205,2557,127,33,0.259842519685039,0.0129057489245209,"GO:0002376","GO:BP","immune system process",24936,867,"GO:0008150","IEA,IMP,NAS IEA,IMP NAS IEA,IEA,IDA IEA,IGI,IDA IMP ISS IEA,IEA,IMP,IEA,IDA IMP IEA,IEA,NAS IEA,IDA IEA,IMP IEA,IEA,ISO NAS IEA,IDA ISS ISO IEA,IGI,IMP,IMP,IMP IEA,IMP,IMP ISS ISO NAS IEA,IEA,IEA,IDA,IEA,IMP,IDA NAS IEA,IEA,IEA","ENSMUSG00000002033,ENSMUSG00000020681,ENSMUSG00000022149,ENSMUSG00000022181,ENSMUSG00000022965,ENSMUSG00000022971,ENSMUSG00000023067,ENSMUSG00000023274,ENSMUSG00000024411,ENSMUSG00000025270,ENSMUSG00000026043,ENSMUSG00000029254,ENSMUSG00000029417,ENSMUSG00000029656,ENSMUSG00000029771,ENSMUSG00000032080,ENSMUSG00000032083,ENSMUSG00000035031,ENSMUSG00000035042,ENSMUSG00000042429,ENSMUSG00000046402,ENSMUSG00000048376,ENSMUSG00000049109,ENSMUSG00000049723,ENSMUSG00000053977,ENSMUSG00000060586,ENSMUSG00000061132,ENSMUSG00000076612,ENSMUSG00000076617,ENSMUSG00000078817,ENSMUSG00000078922,ENSMUSG00000095612,ENSMUSG00000096459"
"Down-regulated",TRUE,0.000405816318472205,1633,127,25,0.196850393700787,0.0153092467850582,"GO:0006952","GO:BP","defense response",24936,2452,"GO:0006950","IEA,IEA,IMP IEA,ISS IEA,IMP,IEA,IEA,IMP,IDA IEA,IEA,IDA IMP IEA,TAS,IMP IEA,IEA,IEA,IMP IC IEA,IGI IEA,IMP ISS IEA,IMP,IDA,IMP,IDA,IEA,IMP IEA,IDA IEA","ENSMUSG00000022149,ENSMUSG00000022181,ENSMUSG00000022965,ENSMUSG00000022971,ENSMUSG00000023274,ENSMUSG00000024411,ENSMUSG00000024665,ENSMUSG00000029254,ENSMUSG00000029417,ENSMUSG00000029656,ENSMUSG00000029771,ENSMUSG00000030364,ENSMUSG00000032080,ENSMUSG00000032083,ENSMUSG00000035031,ENSMUSG00000035042,ENSMUSG00000042429,ENSMUSG00000048376,ENSMUSG00000049723,ENSMUSG00000053977,ENSMUSG00000062515,ENSMUSG00000076612,ENSMUSG00000076617,ENSMUSG00000078817,ENSMUSG00000078922"
"Down-regulated",TRUE,0.000405816318472205,3596,127,41,0.322834645669291,0.0114015572858732,"GO:0006950","GO:BP","response to stress",24936,2451,"GO:0050896","IEA,IEA,IEA,IEA,IDA,IEA,IEA,IMP IEA,ISS IEA,IDA IMP IGI ISS IEA,IMP,IEA,IEA,IEA,ISS IEA,IEA,IEA,IMP,IDA IEA,IEA,IEA,IDA IMP IEA,TAS,IEA,IMP IEA,IMP IEA,IEA,IEA,IMP IC IEA,IEA,IMP,IGI IEA,IMP ISS IEA,IMP IEA,IDA,IEA,IMP,IDA,IEA,IMP IEA,IDA IEA","ENSMUSG00000001506,ENSMUSG00000018339,ENSMUSG00000020122,ENSMUSG00000021594,ENSMUSG00000022032,ENSMUSG00000022149,ENSMUSG00000022181,ENSMUSG00000022965,ENSMUSG00000022971,ENSMUSG00000023067,ENSMUSG00000023274,ENSMUSG00000024411,ENSMUSG00000024665,ENSMUSG00000025014,ENSMUSG00000025270,ENSMUSG00000026043,ENSMUSG00000027261,ENSMUSG00000029254,ENSMUSG00000029417,ENSMUSG00000029656,ENSMUSG00000029752,ENSMUSG00000029771,ENSMUSG00000030364,ENSMUSG00000031465,ENSMUSG00000031645,ENSMUSG00000032080,ENSMUSG00000032083,ENSMUSG00000035031,ENSMUSG00000035042,ENSMUSG00000040412,ENSMUSG00000040681,ENSMUSG00000042429,ENSMUSG00000048376,ENSMUSG00000049723,ENSMUSG00000053977,ENSMUSG00000054422,ENSMUSG00000062515,ENSMUSG00000076612,ENSMUSG00000076617,ENSMUSG00000078817,ENSMUSG00000078922"
"Down-regulated",TRUE,0.000405816318472205,1726,127,26,0.204724409448819,0.015063731170336,"GO:0006955","GO:BP","immune response",24936,2455,"GO:0002376;GO:0050896","IEA,NAS IEA,IMP NAS IEA,IEA,IEA,IMP IEA,IEA,IEA,IEA,IEA,NAS IEA,IDA IEA,IMP IEA,IEA,ISO NAS IEA,IEA,IMP IEA,IMP,IMP ISS ISO NAS IEA,IEA,IEA,IDA,IEA,IDA NAS IEA,IEA,IEA","ENSMUSG00000002033,ENSMUSG00000022149,ENSMUSG00000022181,ENSMUSG00000022965,ENSMUSG00000022971,ENSMUSG00000023274,ENSMUSG00000024411,ENSMUSG00000026043,ENSMUSG00000029254,ENSMUSG00000029417,ENSMUSG00000029656,ENSMUSG00000029771,ENSMUSG00000032080,ENSMUSG00000032083,ENSMUSG00000035031,ENSMUSG00000035042,ENSMUSG00000049109,ENSMUSG00000049723,ENSMUSG00000053977,ENSMUSG00000060586,ENSMUSG00000061132,ENSMUSG00000076612,ENSMUSG00000076617,ENSMUSG00000078922,ENSMUSG00000095612,ENSMUSG00000096459"
"Down-regulated",TRUE,0.00131990843861524,43,127,5,0.0393700787401575,0.116279069767442,"GO:0002455","GO:BP","humoral immune response mediated by circulating immunoglobulin",24936,936,"GO:0006959;GO:0016064","IEA,IEA,IEA,IEA,IDA","ENSMUSG00000022149,ENSMUSG00000022181,ENSMUSG00000029656,ENSMUSG00000035031,ENSMUSG00000076612"
"Down-regulated",TRUE,0.00226757873472032,2346,127,29,0.228346456692913,0.0123614663256607,"GO:0009605","GO:BP","response to external stimulus",24936,3376,"GO:0050896","IEA,IEP IEA,IEA,IEA,IMP IEA,ISS IEA,IEP,IMP,IEA,IDA IMP IEP,IDA IEP ISS IEA,IEA,IDA IMP IEA,IEA,IMP IEA,IMP IEA,IEA,IEA,IDA ISS IC IEA,IGI IEA,IMP IEA,IMP,IDA,IMP IEP,IMP,IDA,IEA,IMP IEA,IDA IEP IEA","ENSMUSG00000000303,ENSMUSG00000001506,ENSMUSG00000022149,ENSMUSG00000022181,ENSMUSG00000022965,ENSMUSG00000022971,ENSMUSG00000023073,ENSMUSG00000023274,ENSMUSG00000024411,ENSMUSG00000029254,ENSMUSG00000029417,ENSMUSG00000029656,ENSMUSG00000029771,ENSMUSG00000031465,ENSMUSG00000031645,ENSMUSG00000032080,ENSMUSG00000032083,ENSMUSG00000035031,ENSMUSG00000035042,ENSMUSG00000042429,ENSMUSG00000048376,ENSMUSG00000049723,ENSMUSG00000053977,ENSMUSG00000062515,ENSMUSG00000069170,ENSMUSG00000076612,ENSMUSG00000076617,ENSMUSG00000078817,ENSMUSG00000078922"
"Down-regulated",TRUE,0.00249424287689676,9759,127,74,0.582677165354331,0.00758274413362025,"GO:0050896","GO:BP","response to stimulus",24936,12476,"GO:0008150","IEA,IEA,IDA IEP ISO IEA,ISS IEA,IEA,IDA IMP IGI ISS ISO IEA,IGI,IMP,IEA,IEA,IDA,NAS IEA,IMP NAS IEA,IEA,IMP IEA,ISS IEA,IDA IMP IGI ISS IEA,IEP,IDA IMP IEA,IEA,IEA,IEA,ISS IEA,IDA IMP IEA,IEA,IEA,IDA ISS IEA,IDA IMP IEP IEA,IDA IEP ISS IEA,NAS IEA,IEA,IDA IMP IEA,TAS,TAS IEA,IMP IEA,IMP IEP IEA,IEA,IDA IEA,ISO NAS IEA,IDA IMP ISS IC IEA,IMP IEA,IEP,IEA,IDA IMP,IDA IMP IEA,IMP,IEP IEA,IEA,IDA IGI IEA,IEA,IMP IEA,IDA,IMP,IMP,IDA IMP IGI ISS IEA,IMP IEA,IMP IEA,ISS IEA,IDA IMP ISS ISO NAS IEA,IEA,IEA,IEA,IDA IMP IEP,ISS,IMP IEA,IDA IMP IEA,IDA IEA,IDA,IEA,IDA IEA,IMP ISO IEA,IDA IEP NAS IEA,IEA,IEA","ENSMUSG00000000303,ENSMUSG00000000915,ENSMUSG00000001506,ENSMUSG00000002033,ENSMUSG00000018339,ENSMUSG00000020122,ENSMUSG00000020427,ENSMUSG00000020681,ENSMUSG00000021453,ENSMUSG00000021594,ENSMUSG00000022032,ENSMUSG00000022149,ENSMUSG00000022181,ENSMUSG00000022620,ENSMUSG00000022965,ENSMUSG00000022971,ENSMUSG00000023067,ENSMUSG00000023073,ENSMUSG00000023274,ENSMUSG00000024411,ENSMUSG00000024665,ENSMUSG00000025014,ENSMUSG00000025270,ENSMUSG00000026043,ENSMUSG00000027261,ENSMUSG00000027596,ENSMUSG00000028982,ENSMUSG00000029254,ENSMUSG00000029417,ENSMUSG00000029656,ENSMUSG00000029752,ENSMUSG00000029771,ENSMUSG00000030364,ENSMUSG00000031465,ENSMUSG00000031645,ENSMUSG00000032080,ENSMUSG00000032083,ENSMUSG00000034220,ENSMUSG00000035031,ENSMUSG00000035042,ENSMUSG00000036040,ENSMUSG00000038092,ENSMUSG00000040412,ENSMUSG00000040681,ENSMUSG00000041293,ENSMUSG00000041567,ENSMUSG00000041698,ENSMUSG00000042379,ENSMUSG00000042429,ENSMUSG00000042436,ENSMUSG00000042638,ENSMUSG00000044469,ENSMUSG00000044708,ENSMUSG00000046402,ENSMUSG00000048376,ENSMUSG00000049109,ENSMUSG00000049723,ENSMUSG00000051225,ENSMUSG00000053977,ENSMUSG00000054422,ENSMUSG00000060586,ENSMUSG00000061132,ENSMUSG00000062515,ENSMUSG00000064294,ENSMUSG00000068747,ENSMUSG00000069170,ENSMUSG00000072849,ENSMUSG00000076612,ENSMUSG00000076617,ENSMUSG00000078672,ENSMUSG00000078817,ENSMUSG00000078922,ENSMUSG00000095612,ENSMUSG00000096459"
"Down-regulated",TRUE,0.00249424287689676,2034,127,26,0.204724409448819,0.0127826941986234,"GO:0048584","GO:BP","positive regulation of response to stimulus",24936,12006,"GO:0048518;GO:0048583;GO:0050896","IEA,IEA,ISS IEA,IGI,IEA,NAS IEA,IMP NAS IEA,IDA IMP IEA,IEA,IDA,IMP IEA,NAS IEA,IEA,ISO NAS IEA,IDA ISS IEA,IMP,IEA,IEA,IDA IMP IGI ISS IEA,IMP,IMP,IDA ISS ISO,IEA,IMP,IDA,IEA","ENSMUSG00000000915,ENSMUSG00000001506,ENSMUSG00000020122,ENSMUSG00000020427,ENSMUSG00000021453,ENSMUSG00000022149,ENSMUSG00000022181,ENSMUSG00000023274,ENSMUSG00000024665,ENSMUSG00000026043,ENSMUSG00000029254,ENSMUSG00000029656,ENSMUSG00000032083,ENSMUSG00000035031,ENSMUSG00000035042,ENSMUSG00000041567,ENSMUSG00000042379,ENSMUSG00000042429,ENSMUSG00000048376,ENSMUSG00000049109,ENSMUSG00000049723,ENSMUSG00000053977,ENSMUSG00000061132,ENSMUSG00000062515,ENSMUSG00000069170,ENSMUSG00000078817"
"Down-regulated",TRUE,0.00249424287689676,1566,127,22,0.173228346456693,0.0140485312899106,"GO:0051707","GO:BP","response to other organism",24936,12978,"GO:0043207;GO:0044419","IEA,IEA,IEA,IMP IEA,ISS IEA,IEP,IMP,IEA,IDA IEP,IDA IEP,IEA,IDA IMP IEA,IMP IEA,IEA,IC IEA,IMP,IMP,IDA,IEP,IDA,IEA,IDA IEP IEA","ENSMUSG00000000303,ENSMUSG00000022149,ENSMUSG00000022181,ENSMUSG00000022965,ENSMUSG00000022971,ENSMUSG00000023073,ENSMUSG00000023274,ENSMUSG00000024411,ENSMUSG00000029254,ENSMUSG00000029417,ENSMUSG00000029656,ENSMUSG00000029771,ENSMUSG00000032080,ENSMUSG00000035031,ENSMUSG00000035042,ENSMUSG00000048376,ENSMUSG00000049723,ENSMUSG00000053977,ENSMUSG00000062515,ENSMUSG00000076612,ENSMUSG00000076617,ENSMUSG00000078922"
"Down-regulated",TRUE,0.00249424287689676,1570,127,22,0.173228346456693,0.0140127388535032,"GO:0043207","GO:BP","response to external biotic stimulus",24936,9908,"GO:0009605;GO:0009607","IEA,IEA,IEA,IMP IEA,ISS IEA,IEP,IMP,IEA,IDA IEP,IDA IEP,IEA,IDA IMP IEA,IMP IEA,IEA,IC IEA,IMP,IMP,IDA,IEP,IDA,IEA,IDA IEP IEA","ENSMUSG00000000303,ENSMUSG00000022149,ENSMUSG00000022181,ENSMUSG00000022965,ENSMUSG00000022971,ENSMUSG00000023073,ENSMUSG00000023274,ENSMUSG00000024411,ENSMUSG00000029254,ENSMUSG00000029417,ENSMUSG00000029656,ENSMUSG00000029771,ENSMUSG00000032080,ENSMUSG00000035031,ENSMUSG00000035042,ENSMUSG00000048376,ENSMUSG00000049723,ENSMUSG00000053977,ENSMUSG00000062515,ENSMUSG00000076612,ENSMUSG00000076617,ENSMUSG00000078922"
"Down-regulated",TRUE,0.00249424287689676,2433,127,29,0.228346456692913,0.0119194410193177,"GO:0007166","GO:BP","cell surface receptor signaling pathway",24936,2596,"GO:0007165","IEA,ISO IEA,ISS IEA,IDA IMP IGI ISO IEA,IGI,IEA,IEA,IDA IEA,IEA,IDA IMP IEA,IDA IEA,TAS IEA,IEA,IDA,ISS IEA,IMP IEA,IEA,IMP,IEA,IDA IEA,ISS,IMP,IMP,ISS IEA,IDA ISS ISO,IEA,IEA,IEA,IEA","ENSMUSG00000000915,ENSMUSG00000001506,ENSMUSG00000002033,ENSMUSG00000020122,ENSMUSG00000020427,ENSMUSG00000022965,ENSMUSG00000022971,ENSMUSG00000023274,ENSMUSG00000026043,ENSMUSG00000029254,ENSMUSG00000029771,ENSMUSG00000031465,ENSMUSG00000032083,ENSMUSG00000034220,ENSMUSG00000035042,ENSMUSG00000036040,ENSMUSG00000041293,ENSMUSG00000041567,ENSMUSG00000042379,ENSMUSG00000042429,ENSMUSG00000048376,ENSMUSG00000049109,ENSMUSG00000049723,ENSMUSG00000051225,ENSMUSG00000053977,ENSMUSG00000061132,ENSMUSG00000068747,ENSMUSG00000069170,ENSMUSG00000078817"
"Down-regulated",TRUE,0.00249424287689676,29,127,4,0.031496062992126,0.137931034482759,"GO:0006958","GO:BP","complement activation, classical pathway",24936,2458,"GO:0002455;GO:0006956","IEA,IEA,IEA,IEA","ENSMUSG00000022149,ENSMUSG00000022181,ENSMUSG00000029656,ENSMUSG00000035031"
"Down-regulated",TRUE,0.00249424287689676,3943,127,40,0.31496062992126,0.0101445599797109,"GO:0006810","GO:BP","transport",24936,2362,"GO:0051234","IEA,IDA IMP ISS NAS IC IEA,IMP,ISS IEA,IDA IEA,ISS IEA,IEA,ISS IEA,IDA IEA,IEA,IEA,IEA,IMP IEA,IEA,IEA,IDA IMP IGI TAS IEA,IMP,ISS IEA,IEA,IMP ISS IEA,IDA,ISS IEA,IEA,IEA,IEA,IDA IMP ISS ISO IEA,IDA IMP,ISS IEA,IDA IEA,IGI IEA,IMP,IDA IMP ISO IEA,IDA ISS IEA,IMP IEA,IEA,IEA,IDA,IEA,IMP ISS IEA,IEA","ENSMUSG00000000303,ENSMUSG00000000915,ENSMUSG00000001506,ENSMUSG00000002033,ENSMUSG00000012428,ENSMUSG00000019082,ENSMUSG00000020681,ENSMUSG00000021338,ENSMUSG00000022032,ENSMUSG00000022890,ENSMUSG00000023033,ENSMUSG00000023057,ENSMUSG00000023067,ENSMUSG00000023073,ENSMUSG00000023274,ENSMUSG00000024411,ENSMUSG00000027596,ENSMUSG00000028603,ENSMUSG00000028860,ENSMUSG00000028982,ENSMUSG00000029254,ENSMUSG00000029417,ENSMUSG00000029822,ENSMUSG00000031271,ENSMUSG00000032080,ENSMUSG00000032083,ENSMUSG00000032482,ENSMUSG00000035042,ENSMUSG00000041698,ENSMUSG00000042429,ENSMUSG00000042524,ENSMUSG00000044708,ENSMUSG00000048376,ENSMUSG00000049723,ENSMUSG00000054422,ENSMUSG00000061536,ENSMUSG00000062515,ENSMUSG00000063590,ENSMUSG00000068747,ENSMUSG00000068877"
"Down-regulated",TRUE,0.00249424287689676,4145,127,41,0.322834645669291,0.00989143546441496,"GO:0051234","GO:BP","establishment of localization",24936,12687,"GO:0051179","IEA,IDA IMP ISS NAS IC IEA,IMP,ISS IEA,IDA IEA,ISS IEA,IEA,ISS IEA,IDA IEA,IEA,IEA,IEA,IMP IEA,IEA,IEA,IDA IMP IGI TAS IEA,IMP,ISS IEA,IEA,IMP ISS IEA,IDA,ISS IEA,IEA,IEA,IEA,IDA IMP ISS ISO IEA,IDA IMP,ISS IEA,IDA IEA,IGI IEA,IMP,IDA IMP ISO IEA,IDA ISS IEA,IMP IEA,IEA,IEA,IDA,IEA,IMP ISS IEA,IEA,IMP","ENSMUSG00000000303,ENSMUSG00000000915,ENSMUSG00000001506,ENSMUSG00000002033,ENSMUSG00000012428,ENSMUSG00000019082,ENSMUSG00000020681,ENSMUSG00000021338,ENSMUSG00000022032,ENSMUSG00000022890,ENSMUSG00000023033,ENSMUSG00000023057,ENSMUSG00000023067,ENSMUSG00000023073,ENSMUSG00000023274,ENSMUSG00000024411,ENSMUSG00000027596,ENSMUSG00000028603,ENSMUSG00000028860,ENSMUSG00000028982,ENSMUSG00000029254,ENSMUSG00000029417,ENSMUSG00000029822,ENSMUSG00000031271,ENSMUSG00000032080,ENSMUSG00000032083,ENSMUSG00000032482,ENSMUSG00000035042,ENSMUSG00000041698,ENSMUSG00000042429,ENSMUSG00000042524,ENSMUSG00000044708,ENSMUSG00000048376,ENSMUSG00000049723,ENSMUSG00000054422,ENSMUSG00000061536,ENSMUSG00000062515,ENSMUSG00000063590,ENSMUSG00000068747,ENSMUSG00000068877,ENSMUSG00000069170"
"Down-regulated",TRUE,0.0032688526285641,1606,127,22,0.173228346456693,0.0136986301369863,"GO:0009607","GO:BP","response to biotic stimulus",24936,3378,"GO:0050896","IEA,IEA,IEA,IMP IEA,ISS IEA,IEP,IMP,IEA,IDA IEP,IDA IEP,IEA,IDA IMP IEA,IMP IEA,IEA,IC IEA,IMP,IMP,IDA,IEP,IDA,IEA,IDA IEP IEA","ENSMUSG00000000303,ENSMUSG00000022149,ENSMUSG00000022181,ENSMUSG00000022965,ENSMUSG00000022971,ENSMUSG00000023073,ENSMUSG00000023274,ENSMUSG00000024411,ENSMUSG00000029254,ENSMUSG00000029417,ENSMUSG00000029656,ENSMUSG00000029771,ENSMUSG00000032080,ENSMUSG00000035031,ENSMUSG00000035042,ENSMUSG00000048376,ENSMUSG00000049723,ENSMUSG00000053977,ENSMUSG00000062515,ENSMUSG00000076612,ENSMUSG00000076617,ENSMUSG00000078922"
"Down-regulated",TRUE,0.00362984529686272,5712,127,50,0.393700787401575,0.00875350140056022,"GO:0048518","GO:BP","positive regulation of biological process",24936,11952,"GO:0008150;GO:0050789","IEA,IDA IC IEA,IEA,IDA IMP IGI ISS ISO IEA,IGI ISS IEA,IMP ISS IEA,IEA,NAS IEA,IMP NAS IEA,IMP IGI IEA,IDA IMP IEA,IEA,IEA,IDA,IGI,IEA,IDA ISS IEA,IDA IMP IEA,IMP ISS IEA,NAS IEA,IEA,IDA ISS IEA,ISS,IEA,IEA,IEA,ISS IEA,ISS,IMP,IEP,ISO NAS IEA,IDA IMP ISS ISO NAS IEA,ISS IEA,IMP,IEA,IMP,IEA,IMP IGI IEA,IMP,IDA IMP IGI ISS IEA,IMP,IMP IEA,IDA ISS ISO,IDA,IMP,IMP IEA,IMP IGI,IDA IMP,IDA,ISO IEA","ENSMUSG00000000303,ENSMUSG00000000915,ENSMUSG00000001506,ENSMUSG00000020122,ENSMUSG00000020427,ENSMUSG00000021338,ENSMUSG00000021453,ENSMUSG00000022149,ENSMUSG00000022181,ENSMUSG00000023067,ENSMUSG00000023274,ENSMUSG00000024665,ENSMUSG00000025613,ENSMUSG00000026043,ENSMUSG00000027596,ENSMUSG00000028603,ENSMUSG00000028982,ENSMUSG00000029254,ENSMUSG00000029417,ENSMUSG00000029656,ENSMUSG00000029752,ENSMUSG00000029771,ENSMUSG00000030004,ENSMUSG00000031465,ENSMUSG00000031645,ENSMUSG00000032080,ENSMUSG00000032083,ENSMUSG00000032482,ENSMUSG00000032735,ENSMUSG00000034220,ENSMUSG00000035031,ENSMUSG00000035042,ENSMUSG00000038375,ENSMUSG00000038754,ENSMUSG00000040412,ENSMUSG00000041567,ENSMUSG00000042379,ENSMUSG00000042429,ENSMUSG00000042524,ENSMUSG00000048376,ENSMUSG00000049109,ENSMUSG00000049723,ENSMUSG00000053977,ENSMUSG00000055003,ENSMUSG00000058799,ENSMUSG00000061132,ENSMUSG00000062515,ENSMUSG00000069170,ENSMUSG00000078672,ENSMUSG00000078817"
"Down-regulated",TRUE,0.00408305292208035,12,127,3,0.0236220472440945,0.25,"GO:0006957","GO:BP","complement activation, alternative pathway",24936,2457,"GO:0006956;GO:0045087","IEA,IEA,IEA","ENSMUSG00000022149,ENSMUSG00000029656,ENSMUSG00000035031"
"Down-regulated",TRUE,0.00434384597140781,4803,127,44,0.346456692913386,0.00916094107849261,"GO:0051179","GO:BP","localization",24936,12665,"GO:0008150","IEA,IDA IMP ISS NAS IC IEA,IMP IEA,IMP IEA,ISS IEA,IDA IEA,ISS IEA,ISS IEA,IEA,ISS IEA,IDA IEA,IEA,IEA,IEA,IMP IEA,IEA,ISO IEA,IDA IMP IGI TAS IEA,IMP,ISS IEA,IEA,IMP ISS IEA,IDA,ISS IEA,IEA,IEA,IEA,IDA IMP ISS ISO IEA,IDA IMP,ISS IEA,IDA,IDA IEA,IGI IEA,IMP IEA,IDA IMP ISO IEA,IDA ISS IEA,IMP IEA,IEA,IEA,IDA,IEA,IMP ISS IEA,IEA,IMP","ENSMUSG00000000303,ENSMUSG00000000915,ENSMUSG00000001506,ENSMUSG00000001763,ENSMUSG00000002033,ENSMUSG00000012428,ENSMUSG00000019082,ENSMUSG00000020122,ENSMUSG00000020681,ENSMUSG00000021338,ENSMUSG00000022032,ENSMUSG00000022890,ENSMUSG00000023033,ENSMUSG00000023057,ENSMUSG00000023067,ENSMUSG00000023073,ENSMUSG00000023274,ENSMUSG00000024411,ENSMUSG00000027596,ENSMUSG00000028603,ENSMUSG00000028860,ENSMUSG00000028982,ENSMUSG00000029254,ENSMUSG00000029417,ENSMUSG00000029822,ENSMUSG00000031271,ENSMUSG00000032080,ENSMUSG00000032083,ENSMUSG00000032482,ENSMUSG00000035042,ENSMUSG00000038375,ENSMUSG00000041698,ENSMUSG00000042429,ENSMUSG00000042524,ENSMUSG00000044708,ENSMUSG00000048376,ENSMUSG00000049723,ENSMUSG00000054422,ENSMUSG00000061536,ENSMUSG00000062515,ENSMUSG00000063590,ENSMUSG00000068747,ENSMUSG00000068877,ENSMUSG00000069170"
"Down-regulated",TRUE,0.00434384597140781,1549,127,21,0.165354330708661,0.013557133634603,"GO:0044281","GO:BP","small molecule metabolic process",24936,10246,"GO:0008152","IDA IEA,IGI,ISS IEA,IEA,IEA,IDA,IEA,ISS ISO IEA,ISS IEA,IEA,ISS,IEA,IDA IEA,IEA,IMP IGI IEA,IMP IEA,IDA IMP,IEA,IMP IGI IEA,IMP ISS IEA,IEA","ENSMUSG00000016756,ENSMUSG00000020427,ENSMUSG00000021338,ENSMUSG00000022890,ENSMUSG00000023057,ENSMUSG00000024029,ENSMUSG00000024665,ENSMUSG00000026348,ENSMUSG00000027261,ENSMUSG00000027983,ENSMUSG00000028603,ENSMUSG00000029752,ENSMUSG00000031767,ENSMUSG00000032080,ENSMUSG00000032083,ENSMUSG00000038754,ENSMUSG00000041567,ENSMUSG00000042638,ENSMUSG00000046402,ENSMUSG00000056131,ENSMUSG00000097148"
"Down-regulated",TRUE,0.00434384597140781,665,127,13,0.102362204724409,0.0195488721804511,"GO:0002250","GO:BP","adaptive immune response",24936,759,"GO:0006955","IEA,IEA,IEA,IMP IEA,IEA,IEA,IEA,IMP NAS IEA,IEA,IDA,IEA,IEA,IEA","ENSMUSG00000002033,ENSMUSG00000022149,ENSMUSG00000022181,ENSMUSG00000023274,ENSMUSG00000029656,ENSMUSG00000035031,ENSMUSG00000049109,ENSMUSG00000053977,ENSMUSG00000060586,ENSMUSG00000076612,ENSMUSG00000076617,ENSMUSG00000095612,ENSMUSG00000096459"
"Down-regulated",TRUE,0.00434384597140781,1305,127,19,0.149606299212598,0.0145593869731801,"GO:0007155","GO:BP","cell adhesion",24936,2585,"GO:0009987","IEA,IDA,IEA,IMP IEA,IEA,IDA IEA,IEA,IEA,IEA,ISA,IDA,IEA,IEA,ISS,ISS IEA,IEA,ISS,IEA,NAS","ENSMUSG00000000303,ENSMUSG00000001506,ENSMUSG00000020122,ENSMUSG00000021338,ENSMUSG00000022762,ENSMUSG00000023274,ENSMUSG00000024421,ENSMUSG00000026043,ENSMUSG00000026574,ENSMUSG00000030004,ENSMUSG00000031465,ENSMUSG00000032080,ENSMUSG00000032083,ENSMUSG00000032482,ENSMUSG00000035042,ENSMUSG00000042436,ENSMUSG00000047109,ENSMUSG00000049723,ENSMUSG00000069170"
"Down-regulated",TRUE,0.0046627312408873,1686,127,22,0.173228346456693,0.0130486358244365,"GO:0044419","GO:BP","biological process involved in interspecies interaction between organisms",24936,10288,"GO:0008150","IEA,IEA,IEA,IMP IEA,ISS IEA,IEP,IMP IEA,IEA,IDA IEP,IDA IEP,IEA,IDA IMP IEA,IMP IEA,IEA,IC IEA,IMP,IMP,IDA,IEP,IDA,IEA,IDA IEP IEA","ENSMUSG00000000303,ENSMUSG00000022149,ENSMUSG00000022181,ENSMUSG00000022965,ENSMUSG00000022971,ENSMUSG00000023073,ENSMUSG00000023274,ENSMUSG00000024411,ENSMUSG00000029254,ENSMUSG00000029417,ENSMUSG00000029656,ENSMUSG00000029771,ENSMUSG00000032080,ENSMUSG00000035031,ENSMUSG00000035042,ENSMUSG00000048376,ENSMUSG00000049723,ENSMUSG00000053977,ENSMUSG00000062515,ENSMUSG00000076612,ENSMUSG00000076617,ENSMUSG00000078922"
"Down-regulated",TRUE,0.00718397533933265,134,127,6,0.047244094488189,0.0447761194029851,"GO:0006959","GO:BP","humoral immune response",24936,2459,"GO:0006955","IEA,IMP IEA,IEA,ISO IEA,IDA,IEA","ENSMUSG00000022149,ENSMUSG00000022181,ENSMUSG00000029656,ENSMUSG00000035031,ENSMUSG00000076612,ENSMUSG00000076617"
"Down-regulated",TRUE,0.0105782153045791,209,127,7,0.0551181102362205,0.0334928229665072,"GO:0009636","GO:BP","response to toxic substance",24936,3397,"GO:0042221","IEA,IEA,IEA,IEA,IEA,IMP,IEA","ENSMUSG00000000303,ENSMUSG00000018339,ENSMUSG00000021594,ENSMUSG00000032080,ENSMUSG00000035042,ENSMUSG00000042638,ENSMUSG00000054422"
"Down-regulated",TRUE,0.011213804046648,53,127,4,0.031496062992126,0.0754716981132075,"GO:0141061","GO:BP","disruption of cell in another organism",24936,18751,"GO:0141060","IEA,IEA,IEA,IEA","ENSMUSG00000022149,ENSMUSG00000022181,ENSMUSG00000029656,ENSMUSG00000035031"
"Down-regulated",TRUE,0.011213804046648,1096,127,16,0.125984251968504,0.0145985401459854,"GO:0034097","GO:BP","response to cytokine",24936,7846,"GO:1901652","IEA,IEA,IEA,ISS IEA,IEA,IEA,IEA,IMP,IDA IEA,IEA,IDA ISS IEA,IMP,IDA,IDA IEA,IMP,IDA","ENSMUSG00000001506,ENSMUSG00000020122,ENSMUSG00000022965,ENSMUSG00000022971,ENSMUSG00000023274,ENSMUSG00000024411,ENSMUSG00000026043,ENSMUSG00000029254,ENSMUSG00000029771,ENSMUSG00000032083,ENSMUSG00000035042,ENSMUSG00000049723,ENSMUSG00000062515,ENSMUSG00000072849,ENSMUSG00000078817,ENSMUSG00000078922"
"Down-regulated",TRUE,0.011213804046648,769,127,13,0.102362204724409,0.0169050715214564,"GO:0019752","GO:BP","carboxylic acid metabolic process",24936,5632,"GO:0043436","IEA,IEA,IEA,ISS ISO IEA,ISS IEA,IEA,ISS,IEA,IDA,IEA,IMP IEA,IMP IGI IEA,IEA","ENSMUSG00000016756,ENSMUSG00000023057,ENSMUSG00000024665,ENSMUSG00000026348,ENSMUSG00000027261,ENSMUSG00000027983,ENSMUSG00000028603,ENSMUSG00000029752,ENSMUSG00000031767,ENSMUSG00000032080,ENSMUSG00000038754,ENSMUSG00000046402,ENSMUSG00000097148"
"Down-regulated",TRUE,0.011213804046648,20,127,3,0.0236220472440945,0.15,"GO:0035634","GO:BP","response to stilbenoid",24936,8540,"GO:0042221","IEP,IEP,IEP","ENSMUSG00000032080,ENSMUSG00000038092,ENSMUSG00000041698"
"Down-regulated",TRUE,0.011213804046648,860,127,14,0.110236220472441,0.0162790697674419,"GO:0140546","GO:BP","defense response to symbiont",24936,18576,"GO:0098542","IEA,IEA,IEA,IEA,IEA,IEA,IDA IEA,IMP IEA,IEA,IEA,IMP,IDA,IEA,IDA IEA","ENSMUSG00000022149,ENSMUSG00000022181,ENSMUSG00000022965,ENSMUSG00000022971,ENSMUSG00000024411,ENSMUSG00000029656,ENSMUSG00000029771,ENSMUSG00000032080,ENSMUSG00000035031,ENSMUSG00000035042,ENSMUSG00000049723,ENSMUSG00000076612,ENSMUSG00000076617,ENSMUSG00000078922"
"Down-regulated",TRUE,0.011213804046648,554,127,11,0.0866141732283465,0.01985559566787,"GO:0007169","GO:BP","cell surface receptor protein tyrosine kinase signaling pathway",24936,2599,"GO:0007167","IEA,ISO IEA,IDA IMP IGI ISO IEA,IGI,IDA,TAS IEA,IDA,IMP,IEA,ISS IEA,IEA","ENSMUSG00000000915,ENSMUSG00000001506,ENSMUSG00000020122,ENSMUSG00000020427,ENSMUSG00000029254,ENSMUSG00000031465,ENSMUSG00000034220,ENSMUSG00000041567,ENSMUSG00000042379,ENSMUSG00000051225,ENSMUSG00000068747"
"Down-regulated",TRUE,0.011213804046648,19,127,3,0.0236220472440945,0.157894736842105,"GO:0010224","GO:BP","response to UV-B",24936,3835,"GO:0009411","IDA,IMP,IEA","ENSMUSG00000023067,ENSMUSG00000040681,ENSMUSG00000042436"
"Down-regulated",TRUE,0.011213804046648,53,127,4,0.031496062992126,0.0754716981132075,"GO:0031640","GO:BP","killing of cells of another organism",24936,6787,"GO:0001906;GO:0141061","IEA,IEA,IEA,IEA","ENSMUSG00000022149,ENSMUSG00000022181,ENSMUSG00000029656,ENSMUSG00000035031"
"Down-regulated",TRUE,0.011213804046648,20,127,3,0.0236220472440945,0.15,"GO:0098856","GO:BP","intestinal lipid absorption",24936,17673,"GO:0050892","IEA,IMP,IDA","ENSMUSG00000023057,ENSMUSG00000032080,ENSMUSG00000032083"
"Down-regulated",TRUE,0.011213804046648,49,127,4,0.031496062992126,0.0816326530612245,"GO:0006956","GO:BP","complement activation",24936,2456,"GO:0002252;GO:0002253;GO:0006959","IEA,IMP IEA,IEA,ISO IEA","ENSMUSG00000022149,ENSMUSG00000022181,ENSMUSG00000029656,ENSMUSG00000035031"
"Down-regulated",TRUE,0.011213804046648,382,127,9,0.0708661417322835,0.0235602094240838,"GO:0006869","GO:BP","lipid transport",24936,2401,"GO:0006810;GO:0010876","IEA,IEA,IEA,ISS IEA,IEA,IEA,IDA IMP ISS ISO IEA,IEA,IDA","ENSMUSG00000020681,ENSMUSG00000023057,ENSMUSG00000023073,ENSMUSG00000028603,ENSMUSG00000029822,ENSMUSG00000032080,ENSMUSG00000032083,ENSMUSG00000054422,ENSMUSG00000062515"
"Down-regulated",TRUE,0.0114709218007076,54,127,4,0.031496062992126,0.0740740740740741,"GO:0141060","GO:BP","disruption of anatomical structure in another organism",24936,18750,"GO:0044419","IEA,IEA,IEA,IEA","ENSMUSG00000022149,ENSMUSG00000022181,ENSMUSG00000029656,ENSMUSG00000035031"
"Down-regulated",TRUE,0.0114709218007076,1110,127,16,0.125984251968504,0.0144144144144144,"GO:1901652","GO:BP","response to peptide",24936,20209,"GO:0042221","IEA,IEA,IEA,ISS IEA,IEA,IEA,IEA,IMP,IDA IEA,IEA,IDA ISS IEA,IMP,IDA,IDA IEA,IMP,IDA","ENSMUSG00000001506,ENSMUSG00000020122,ENSMUSG00000022965,ENSMUSG00000022971,ENSMUSG00000023274,ENSMUSG00000024411,ENSMUSG00000026043,ENSMUSG00000029254,ENSMUSG00000029771,ENSMUSG00000032083,ENSMUSG00000035042,ENSMUSG00000049723,ENSMUSG00000062515,ENSMUSG00000072849,ENSMUSG00000078817,ENSMUSG00000078922"
"Down-regulated",TRUE,0.012004578715727,890,127,14,0.110236220472441,0.0157303370786517,"GO:0098542","GO:BP","defense response to other organism",24936,17559,"GO:0006952;GO:0051707","IEA,IEA,IEA,IEA,IEA,IEA,IDA IEA,IMP IEA,IEA,IEA,IMP,IDA,IEA,IDA IEA","ENSMUSG00000022149,ENSMUSG00000022181,ENSMUSG00000022965,ENSMUSG00000022971,ENSMUSG00000024411,ENSMUSG00000029656,ENSMUSG00000029771,ENSMUSG00000032080,ENSMUSG00000035031,ENSMUSG00000035042,ENSMUSG00000049723,ENSMUSG00000076612,ENSMUSG00000076617,ENSMUSG00000078922"
"Down-regulated",TRUE,0.012004578715727,783,127,13,0.102362204724409,0.016602809706258,"GO:0043436","GO:BP","oxoacid metabolic process",24936,10020,"GO:0006082","IEA,IEA,IEA,ISS ISO IEA,ISS IEA,IEA,ISS,IEA,IDA,IEA,IMP IEA,IMP IGI IEA,IEA","ENSMUSG00000016756,ENSMUSG00000023057,ENSMUSG00000024665,ENSMUSG00000026348,ENSMUSG00000027261,ENSMUSG00000027983,ENSMUSG00000028603,ENSMUSG00000029752,ENSMUSG00000031767,ENSMUSG00000032080,ENSMUSG00000038754,ENSMUSG00000046402,ENSMUSG00000097148"
"Down-regulated",TRUE,0.0120066407211513,4373,127,39,0.307086614173228,0.00891836268008232,"GO:0048869","GO:BP","cellular developmental process",24936,12259,"GO:0009987;GO:0032502","IEA,IEP IEA,IEP,IEA,IEP ISS IEA,IMP,IEA,IDA,IEA,IDA,IGI,ISS IEA,IEA,IMP,IMP,IEA,IMP TAS,IMP,IMP,TAS IEA,IDA,IEA,ISS IEA,IEP ISS,IMP,IDA,IDA IMP,IMP,IMP,IMP,IMP,IMP,IMP,IMP,IMP,IDA,IDA IMP IEA,IMP NAS IEA,IDA","ENSMUSG00000000303,ENSMUSG00000001506,ENSMUSG00000012428,ENSMUSG00000020122,ENSMUSG00000020427,ENSMUSG00000020681,ENSMUSG00000021594,ENSMUSG00000022215,ENSMUSG00000022762,ENSMUSG00000022971,ENSMUSG00000023067,ENSMUSG00000023274,ENSMUSG00000024421,ENSMUSG00000025270,ENSMUSG00000026043,ENSMUSG00000027965,ENSMUSG00000029254,ENSMUSG00000029417,ENSMUSG00000030137,ENSMUSG00000031465,ENSMUSG00000031767,ENSMUSG00000032080,ENSMUSG00000032482,ENSMUSG00000034220,ENSMUSG00000038375,ENSMUSG00000039956,ENSMUSG00000041293,ENSMUSG00000042524,ENSMUSG00000044708,ENSMUSG00000046160,ENSMUSG00000046402,ENSMUSG00000049109,ENSMUSG00000053977,ENSMUSG00000056131,ENSMUSG00000058799,ENSMUSG00000062515,ENSMUSG00000068747,ENSMUSG00000069170,ENSMUSG00000078672"
"Down-regulated",TRUE,0.0120066407211513,4372,127,39,0.307086614173228,0.00892040256175663,"GO:0030154","GO:BP","cell differentiation",24936,6252,"GO:0048869","IEA,IEP IEA,IEP,IEA,IEP ISS IEA,IMP,IEA,IDA,IEA,IDA,IGI,ISS IEA,IEA,IMP,IMP,IEA,IMP TAS,IMP,IMP,TAS IEA,IDA,IEA,ISS IEA,IEP ISS,IMP,IDA,IDA IMP,IMP,IMP,IMP,IMP,IMP,IMP,IMP,IMP,IDA,IDA IMP IEA,IMP NAS IEA,IDA","ENSMUSG00000000303,ENSMUSG00000001506,ENSMUSG00000012428,ENSMUSG00000020122,ENSMUSG00000020427,ENSMUSG00000020681,ENSMUSG00000021594,ENSMUSG00000022215,ENSMUSG00000022762,ENSMUSG00000022971,ENSMUSG00000023067,ENSMUSG00000023274,ENSMUSG00000024421,ENSMUSG00000025270,ENSMUSG00000026043,ENSMUSG00000027965,ENSMUSG00000029254,ENSMUSG00000029417,ENSMUSG00000030137,ENSMUSG00000031465,ENSMUSG00000031767,ENSMUSG00000032080,ENSMUSG00000032482,ENSMUSG00000034220,ENSMUSG00000038375,ENSMUSG00000039956,ENSMUSG00000041293,ENSMUSG00000042524,ENSMUSG00000044708,ENSMUSG00000046160,ENSMUSG00000046402,ENSMUSG00000049109,ENSMUSG00000053977,ENSMUSG00000056131,ENSMUSG00000058799,ENSMUSG00000062515,ENSMUSG00000068747,ENSMUSG00000069170,ENSMUSG00000078672"
"Down-regulated",TRUE,0.0120066407211513,789,127,13,0.102362204724409,0.0164765525982256,"GO:0006082","GO:BP","organic acid metabolic process",24936,1846,"GO:0044281","IEA,IEA,IEA,ISS ISO IEA,ISS IEA,IEA,ISS,IEA,IDA,IEA,IMP IEA,IMP IGI IEA,IEA","ENSMUSG00000016756,ENSMUSG00000023057,ENSMUSG00000024665,ENSMUSG00000026348,ENSMUSG00000027261,ENSMUSG00000027983,ENSMUSG00000028603,ENSMUSG00000029752,ENSMUSG00000031767,ENSMUSG00000032080,ENSMUSG00000038754,ENSMUSG00000046402,ENSMUSG00000097148"
"Down-regulated",TRUE,0.0124727968962364,23,127,3,0.0236220472440945,0.130434782608696,"GO:0035025","GO:BP","positive regulation of Rho protein signal transduction",24936,8192,"GO:0007266;GO:0035023;GO:0051057","IDA,IEA,IDA","ENSMUSG00000026043,ENSMUSG00000032083,ENSMUSG00000048376"
"Down-regulated",TRUE,0.0129718885922688,1382,127,18,0.141732283464567,0.0130246020260492,"GO:0009967","GO:BP","positive regulation of signal transduction",24936,3644,"GO:0007165;GO:0009966;GO:0010647;GO:0023056;GO:0048584","IEA,IEA,ISS IEA,IGI,IEA,IDA IEA,IDA,IEA,IEA,ISS IEA,IMP,IEA,IEA,IDA IGI ISS IEA,IMP,IDA,IDA,IEA","ENSMUSG00000000915,ENSMUSG00000001506,ENSMUSG00000020122,ENSMUSG00000020427,ENSMUSG00000021453,ENSMUSG00000023274,ENSMUSG00000026043,ENSMUSG00000029254,ENSMUSG00000032083,ENSMUSG00000035042,ENSMUSG00000041567,ENSMUSG00000042379,ENSMUSG00000042429,ENSMUSG00000048376,ENSMUSG00000049723,ENSMUSG00000053977,ENSMUSG00000069170,ENSMUSG00000078817"
"Down-regulated",TRUE,0.0135194716127259,406,127,9,0.0708661417322835,0.0221674876847291,"GO:0010876","GO:BP","lipid localization",24936,4255,"GO:0033036","IEA,IEA,IEA,ISS IEA,IEA,IEA,IDA IMP ISS ISO IEA,IEA,IDA","ENSMUSG00000020681,ENSMUSG00000023057,ENSMUSG00000023073,ENSMUSG00000028603,ENSMUSG00000029822,ENSMUSG00000032080,ENSMUSG00000032083,ENSMUSG00000054422,ENSMUSG00000062515"
"Down-regulated",TRUE,0.0152022120064468,247,127,7,0.0551181102362205,0.0283400809716599,"GO:0046394","GO:BP","carboxylic acid biosynthetic process",24936,11314,"GO:0016053;GO:0019752","IEA,ISS IEA,IEA,IEA,IEA,IMP IEA,IEA","ENSMUSG00000024665,ENSMUSG00000026348,ENSMUSG00000027261,ENSMUSG00000029752,ENSMUSG00000032080,ENSMUSG00000038754,ENSMUSG00000046402"
"Down-regulated",TRUE,0.0152022120064468,818,127,13,0.102362204724409,0.0158924205378973,"GO:0030334","GO:BP","regulation of cell migration",24936,6339,"GO:0016477;GO:2000145","IEA,IEA,IEA,IEA,IMP ISS IEA,IEA,IMP,IMP,IEA,IDA ISS ISO IEA,IGI,IMP,IDA IEA","ENSMUSG00000000303,ENSMUSG00000001506,ENSMUSG00000020122,ENSMUSG00000020427,ENSMUSG00000021338,ENSMUSG00000024421,ENSMUSG00000026043,ENSMUSG00000029254,ENSMUSG00000031465,ENSMUSG00000035042,ENSMUSG00000042429,ENSMUSG00000042524,ENSMUSG00000048376"
"Down-regulated",TRUE,0.0160053696676881,826,127,13,0.102362204724409,0.0157384987893462,"GO:0045087","GO:BP","innate immune response",24936,10511,"GO:0006955;GO:0140546","IEA,IEA,IEA,IEA,IEA,IEA,IDA IEA,IMP IEA,IEA,IEA,IMP,IEA,IDA IEA","ENSMUSG00000022149,ENSMUSG00000022181,ENSMUSG00000022965,ENSMUSG00000022971,ENSMUSG00000024411,ENSMUSG00000029656,ENSMUSG00000029771,ENSMUSG00000032080,ENSMUSG00000035031,ENSMUSG00000035042,ENSMUSG00000049723,ENSMUSG00000076617,ENSMUSG00000078922"
"Down-regulated",TRUE,0.0160053696676881,251,127,7,0.0551181102362205,0.0278884462151394,"GO:0016053","GO:BP","organic acid biosynthetic process",24936,4843,"GO:0006082;GO:0044283","IEA,ISS IEA,IEA,IEA,IEA,IMP IEA,IEA","ENSMUSG00000024665,ENSMUSG00000026348,ENSMUSG00000027261,ENSMUSG00000029752,ENSMUSG00000032080,ENSMUSG00000038754,ENSMUSG00000046402"
"Down-regulated",TRUE,0.01728056656212,65,127,4,0.031496062992126,0.0615384615384615,"GO:0001960","GO:BP","negative regulation of cytokine-mediated signaling pathway",24936,556,"GO:0001959;GO:0009968;GO:0019221;GO:0060761","IMP,IEA,IEA,IMP","ENSMUSG00000029254,ENSMUSG00000032083,ENSMUSG00000035042,ENSMUSG00000049723"
"Down-regulated",TRUE,0.0203345433571091,438,127,9,0.0708661417322835,0.0205479452054795,"GO:0019221","GO:BP","cytokine-mediated signaling pathway",24936,5275,"GO:0007166;GO:0071345","IEA,IEA,IEA,IEA,IMP,IDA IEA,IEA,ISS IEA,IMP","ENSMUSG00000020122,ENSMUSG00000022965,ENSMUSG00000022971,ENSMUSG00000023274,ENSMUSG00000029254,ENSMUSG00000029771,ENSMUSG00000032083,ENSMUSG00000035042,ENSMUSG00000049723"
"Down-regulated",TRUE,0.0203345433571091,191,127,6,0.047244094488189,0.031413612565445,"GO:0010810","GO:BP","regulation of cell-substrate adhesion",24936,4216,"GO:0030155;GO:0031589","IDA,IMP IEA,IDA,IEA,ISS,IEA","ENSMUSG00000001506,ENSMUSG00000021338,ENSMUSG00000031465,ENSMUSG00000032083,ENSMUSG00000032482,ENSMUSG00000049723"
"Down-regulated",TRUE,0.0203345433571091,1090,127,15,0.118110236220472,0.0137614678899083,"GO:0040011","GO:BP","locomotion",24936,9265,"GO:0008150","IEA,IEA,IEA,IEA,IMP ISS IEA,IEA,IMP,IMP,ISS IEA,IEA,IEA,IDA ISS ISO IEA,IGI,IMP,IDA IEA","ENSMUSG00000000303,ENSMUSG00000001506,ENSMUSG00000020122,ENSMUSG00000020427,ENSMUSG00000021338,ENSMUSG00000024421,ENSMUSG00000026043,ENSMUSG00000029254,ENSMUSG00000029417,ENSMUSG00000031465,ENSMUSG00000032083,ENSMUSG00000035042,ENSMUSG00000042429,ENSMUSG00000042524,ENSMUSG00000048376"
"Down-regulated",TRUE,0.0203345433571091,1337,127,17,0.133858267716535,0.012715033657442,"GO:0016477","GO:BP","cell migration",24936,4977,"GO:0048870","IEA,IEA,IMP IEA,IEA,IMP ISS IEA,IEA,IMP,IMP,IEA,IEA,IMP,IDA ISS ISO IEA,IGI,IMP,IDA IEA,IEA,IMP","ENSMUSG00000000303,ENSMUSG00000001506,ENSMUSG00000020122,ENSMUSG00000020427,ENSMUSG00000021338,ENSMUSG00000024421,ENSMUSG00000026043,ENSMUSG00000029254,ENSMUSG00000029417,ENSMUSG00000031465,ENSMUSG00000032083,ENSMUSG00000035042,ENSMUSG00000042429,ENSMUSG00000042524,ENSMUSG00000048376,ENSMUSG00000049723,ENSMUSG00000078817"
"Down-regulated",TRUE,0.0203345433571091,69,127,4,0.031496062992126,0.0579710144927536,"GO:0060761","GO:BP","negative regulation of response to cytokine stimulus",24936,13892,"GO:0034097;GO:0048585;GO:0060759","IMP,IEA,IEA,IMP","ENSMUSG00000029254,ENSMUSG00000032083,ENSMUSG00000035042,ENSMUSG00000049723"
"Down-regulated",TRUE,0.0203345433571091,4866,127,41,0.322834645669291,0.00842581175503494,"GO:0042221","GO:BP","response to chemical",24936,9400,"GO:0050896","IEA,IDA IEA,IEA,IDA ISS IEA,IMP,IEA,IEA,IEA,ISS IEA,IEA,IEA,IEA,IEA,IDA IMP IEA,IEA,ISS IEA,IDA IMP,ISS IEA,IDA IEA,IEA,IEP IEA,IEA,IDA ISS IEA,IEP,IMP,IEP IEA,IEA,IMP,IMP,IMP,IMP,IMP,IEA,IDA,ISS,IMP IEA,IDA,IDA IEA,IDA,IMP,IDA","ENSMUSG00000000303,ENSMUSG00000001506,ENSMUSG00000018339,ENSMUSG00000020122,ENSMUSG00000020681,ENSMUSG00000021594,ENSMUSG00000022620,ENSMUSG00000022965,ENSMUSG00000022971,ENSMUSG00000023274,ENSMUSG00000024411,ENSMUSG00000024665,ENSMUSG00000025014,ENSMUSG00000026043,ENSMUSG00000027596,ENSMUSG00000028982,ENSMUSG00000029254,ENSMUSG00000029417,ENSMUSG00000029771,ENSMUSG00000031465,ENSMUSG00000032080,ENSMUSG00000032083,ENSMUSG00000035042,ENSMUSG00000038092,ENSMUSG00000041567,ENSMUSG00000041698,ENSMUSG00000042429,ENSMUSG00000042638,ENSMUSG00000044708,ENSMUSG00000046402,ENSMUSG00000048376,ENSMUSG00000049723,ENSMUSG00000054422,ENSMUSG00000062515,ENSMUSG00000064294,ENSMUSG00000068747,ENSMUSG00000069170,ENSMUSG00000072849,ENSMUSG00000078672,ENSMUSG00000078817,ENSMUSG00000078922"
"Down-regulated",TRUE,0.0206135891193227,126,127,5,0.0393700787401575,0.0396825396825397,"GO:0016064","GO:BP","immunoglobulin mediated immune response",24936,4852,"GO:0019724","IEA,IEA,IEA,IEA,IDA","ENSMUSG00000022149,ENSMUSG00000022181,ENSMUSG00000029656,ENSMUSG00000035031,ENSMUSG00000076612"
"Down-regulated",TRUE,0.0206135891193227,445,127,9,0.0708661417322835,0.0202247191011236,"GO:0043434","GO:BP","response to peptide hormone",24936,10018,"GO:0009725;GO:1901698;GO:1901700","IEA,IEA,IMP,IEA,IMP,ISS IEA,IMP,IMP IEA,IDA IEA","ENSMUSG00000001506,ENSMUSG00000020122,ENSMUSG00000020681,ENSMUSG00000021594,ENSMUSG00000026043,ENSMUSG00000028982,ENSMUSG00000041567,ENSMUSG00000068747,ENSMUSG00000072849"
"Down-regulated",TRUE,0.0211257324179948,357,127,8,0.062992125984252,0.0224089635854342,"GO:0006631","GO:BP","fatty acid metabolic process",24936,2221,"GO:0006629;GO:0032787","IEA,IEA,ISS IEA,IEA,ISS,IDA,IEA,IMP IEA","ENSMUSG00000023057,ENSMUSG00000024665,ENSMUSG00000027261,ENSMUSG00000027983,ENSMUSG00000028603,ENSMUSG00000031767,ENSMUSG00000032080,ENSMUSG00000038754"
"Down-regulated",TRUE,0.0211257324179948,869,127,13,0.102362204724409,0.0149597238204833,"GO:2000145","GO:BP","regulation of cell motility",24936,23634,"GO:0040012;GO:0048870;GO:0050794","IEA,IEA,IEA,IEA,IMP ISS IEA,IEA,IMP,IMP,IEA,IDA ISS ISO IEA,IGI,IMP,IDA IEA","ENSMUSG00000000303,ENSMUSG00000001506,ENSMUSG00000020122,ENSMUSG00000020427,ENSMUSG00000021338,ENSMUSG00000024421,ENSMUSG00000026043,ENSMUSG00000029254,ENSMUSG00000031465,ENSMUSG00000035042,ENSMUSG00000042429,ENSMUSG00000042524,ENSMUSG00000048376"
"Down-regulated",TRUE,0.0211660926167329,129,127,5,0.0393700787401575,0.0387596899224806,"GO:0019724","GO:BP","B cell mediated immunity",24936,5616,"GO:0002449;GO:0002460","IEA,IEA,IEA,IEA,IDA","ENSMUSG00000022149,ENSMUSG00000022181,ENSMUSG00000029656,ENSMUSG00000035031,ENSMUSG00000076612"
"Down-regulated",TRUE,0.0211660926167329,360,127,8,0.062992125984252,0.0222222222222222,"GO:0002443","GO:BP","leukocyte mediated immunity",24936,924,"GO:0002252","IMP,IEA,IEA,IDA,IEA,IEA,IMP,IDA","ENSMUSG00000020681,ENSMUSG00000022149,ENSMUSG00000022181,ENSMUSG00000029254,ENSMUSG00000029656,ENSMUSG00000035031,ENSMUSG00000053977,ENSMUSG00000076612"
"Down-regulated",TRUE,0.0211660926167329,549,127,10,0.078740157480315,0.0182149362477231,"GO:0032787","GO:BP","monocarboxylic acid metabolic process",24936,7321,"GO:0019752","IEA,IEA,ISS IEA,IEA,ISS,IDA,IEA,IMP IEA,IMP IGI IEA,IEA","ENSMUSG00000023057,ENSMUSG00000024665,ENSMUSG00000027261,ENSMUSG00000027983,ENSMUSG00000028603,ENSMUSG00000031767,ENSMUSG00000032080,ENSMUSG00000038754,ENSMUSG00000046402,ENSMUSG00000097148"
"Down-regulated",TRUE,0.0216062418966958,362,127,8,0.062992125984252,0.0220994475138122,"GO:0009615","GO:BP","response to virus",24936,3384,"GO:0051707","IMP,ISS,IDA,IMP IEA,IC IEA,IMP,IDA,IDA","ENSMUSG00000022965,ENSMUSG00000022971,ENSMUSG00000029417,ENSMUSG00000029771,ENSMUSG00000035042,ENSMUSG00000049723,ENSMUSG00000053977,ENSMUSG00000078922"
"Down-regulated",TRUE,0.0231695146499125,2622,127,26,0.204724409448819,0.0099160945842868,"GO:0033036","GO:BP","macromolecule localization",24936,7480,"GO:0051179","IEA,IMP IEA,IMP IEA,ISS IEA,ISS IEA,ISS IEA,IEA,IEA,IMP,IEA,ISO IEA,ISS IEA,IEA,IEA,IEA,IDA IMP ISS ISO IEA,ISS IEA,IDA,IEA,IDA,IMP IEA,IEA,IEA,IDA,IMP,IEA","ENSMUSG00000000303,ENSMUSG00000001506,ENSMUSG00000001763,ENSMUSG00000002033,ENSMUSG00000019082,ENSMUSG00000020122,ENSMUSG00000020681,ENSMUSG00000023057,ENSMUSG00000023067,ENSMUSG00000023073,ENSMUSG00000023274,ENSMUSG00000028603,ENSMUSG00000028860,ENSMUSG00000029822,ENSMUSG00000032080,ENSMUSG00000032083,ENSMUSG00000035042,ENSMUSG00000038375,ENSMUSG00000042524,ENSMUSG00000048376,ENSMUSG00000049723,ENSMUSG00000054422,ENSMUSG00000061536,ENSMUSG00000062515,ENSMUSG00000068747,ENSMUSG00000068877"
"Down-regulated",TRUE,0.0231695146499125,2766,127,27,0.21259842519685,0.00976138828633406,"GO:0051239","GO:BP","regulation of multicellular organismal process",24936,12691,"GO:0032501;GO:0050789","IEA,IMP,IEA,IEA,IMP,IMP,IGI,IDA IEA,IEA,IMP,ISS IEA,IDA TAS IEA,IMP IEA,IMP IEA,IDA IEA,ISS NAS IEA,IMP,IMP IGI IEA,IMP,IDA IMP ISS IEA,IMP,IDA,IMP,IGI,IMP,IDA,IEA","ENSMUSG00000000303,ENSMUSG00000000915,ENSMUSG00000001506,ENSMUSG00000020122,ENSMUSG00000020681,ENSMUSG00000022181,ENSMUSG00000023067,ENSMUSG00000023274,ENSMUSG00000024421,ENSMUSG00000029254,ENSMUSG00000029771,ENSMUSG00000031465,ENSMUSG00000031645,ENSMUSG00000032080,ENSMUSG00000032083,ENSMUSG00000035042,ENSMUSG00000038754,ENSMUSG00000042429,ENSMUSG00000046402,ENSMUSG00000048376,ENSMUSG00000049723,ENSMUSG00000055003,ENSMUSG00000058799,ENSMUSG00000062515,ENSMUSG00000069170,ENSMUSG00000078672,ENSMUSG00000078817"
"Down-regulated",TRUE,0.0231695146499125,368,127,8,0.062992125984252,0.0217391304347826,"GO:0015711","GO:BP","organic anion transport",24936,4592,"GO:0006810","ISS IEA,IEA,IEA,IDA IEA,IEA,IMP,IEA,IDA","ENSMUSG00000019082,ENSMUSG00000020681,ENSMUSG00000023057,ENSMUSG00000041698,ENSMUSG00000042429,ENSMUSG00000044708,ENSMUSG00000054422,ENSMUSG00000062515"
"Down-regulated",TRUE,0.0231695146499125,892,127,13,0.102362204724409,0.0145739910313901,"GO:0007167","GO:BP","enzyme-linked receptor protein signaling pathway",24936,2597,"GO:0007166","IEA,ISO IEA,IDA IMP IGI ISO IEA,IGI,IEA,IDA,TAS IEA,IDA,IMP IEA,IMP,IEA,ISS IEA,IEA","ENSMUSG00000000915,ENSMUSG00000001506,ENSMUSG00000020122,ENSMUSG00000020427,ENSMUSG00000026043,ENSMUSG00000029254,ENSMUSG00000031465,ENSMUSG00000034220,ENSMUSG00000036040,ENSMUSG00000041567,ENSMUSG00000042379,ENSMUSG00000051225,ENSMUSG00000068747"
"Down-regulated",TRUE,0.0231695146499125,1005,127,14,0.110236220472441,0.0139303482587065,"GO:0071345","GO:BP","cellular response to cytokine stimulus",24936,15461,"GO:0034097","IEA,IEA,IEA,IEA,IEA,IEA,IMP,IDA IEA,IEA,ISS IEA,IMP,IDA,IMP,IDA","ENSMUSG00000001506,ENSMUSG00000020122,ENSMUSG00000022965,ENSMUSG00000022971,ENSMUSG00000023274,ENSMUSG00000024411,ENSMUSG00000029254,ENSMUSG00000029771,ENSMUSG00000032083,ENSMUSG00000035042,ENSMUSG00000049723,ENSMUSG00000062515,ENSMUSG00000078817,ENSMUSG00000078922"
"Down-regulated",TRUE,0.0231695146499125,281,127,7,0.0551181102362205,0.0249110320284698,"GO:0051607","GO:BP","defense response to virus",24936,12899,"GO:0006952;GO:0009615","IMP,ISS,IDA,IMP IEA,IC,IMP,IDA","ENSMUSG00000022965,ENSMUSG00000022971,ENSMUSG00000029417,ENSMUSG00000029771,ENSMUSG00000035042,ENSMUSG00000049723,ENSMUSG00000053977"
"Down-regulated",TRUE,0.0231695146499125,285,127,7,0.0551181102362205,0.0245614035087719,"GO:0015849","GO:BP","organic acid transport",24936,4719,"GO:0006810","ISS IEA,IEA,IEA,IEA,IMP,IEA,IDA","ENSMUSG00000019082,ENSMUSG00000020681,ENSMUSG00000023057,ENSMUSG00000042429,ENSMUSG00000044708,ENSMUSG00000054422,ENSMUSG00000062515"
"Down-regulated",TRUE,0.0231695146499125,284,127,7,0.0551181102362205,0.0246478873239437,"GO:0046942","GO:BP","carboxylic acid transport",24936,11597,"GO:0015711;GO:0015849","ISS IEA,IEA,IEA,IEA,IMP,IEA,IDA","ENSMUSG00000019082,ENSMUSG00000020681,ENSMUSG00000023057,ENSMUSG00000042429,ENSMUSG00000044708,ENSMUSG00000054422,ENSMUSG00000062515"
"Down-regulated",TRUE,0.0232357297820595,1646,127,19,0.149606299212598,0.011543134872418,"GO:1901700","GO:BP","response to oxygen-containing compound",24936,20237,"GO:0042221","IEA,IEA,ISS IEA,IMP,IEA,IEA,IEA,IMP,ISS IEA,IDA,IEA,IEA,IEA,IMP,IEA,IMP,IEA,IMP IEA,IDA IEA","ENSMUSG00000000303,ENSMUSG00000001506,ENSMUSG00000020122,ENSMUSG00000020681,ENSMUSG00000021594,ENSMUSG00000022620,ENSMUSG00000025014,ENSMUSG00000026043,ENSMUSG00000028982,ENSMUSG00000029254,ENSMUSG00000029771,ENSMUSG00000031465,ENSMUSG00000032080,ENSMUSG00000041567,ENSMUSG00000041698,ENSMUSG00000048376,ENSMUSG00000054422,ENSMUSG00000068747,ENSMUSG00000072849"
"Down-regulated",TRUE,0.0235082242745955,34,127,3,0.0236220472440945,0.0882352941176471,"GO:1900026","GO:BP","positive regulation of substrate adhesion-dependent cell spreading",24936,19109,"GO:0010811;GO:0034446;GO:1900024","IMP IEA,IEA,ISS","ENSMUSG00000021338,ENSMUSG00000032083,ENSMUSG00000032482"
"Down-regulated",TRUE,0.0236528195472918,901,127,13,0.102362204724409,0.0144284128745838,"GO:1901698","GO:BP","response to nitrogen compound",24936,20235,"GO:0042221","IEA,IEA,IEA,IMP,IEA,IEA,IMP,ISS IEA,IEA,IMP,IEA,IMP IEA,IDA IEA","ENSMUSG00000000303,ENSMUSG00000001506,ENSMUSG00000020122,ENSMUSG00000020681,ENSMUSG00000021594,ENSMUSG00000025014,ENSMUSG00000026043,ENSMUSG00000028982,ENSMUSG00000029771,ENSMUSG00000041567,ENSMUSG00000042429,ENSMUSG00000068747,ENSMUSG00000072849"
"Down-regulated",TRUE,0.0237714458811229,1266,127,16,0.125984251968504,0.0126382306477093,"GO:0006629","GO:BP","lipid metabolic process",24936,2220,"GO:0044238","IEA,IEA,IEA,IEA,IEA,ISS IEA,IEA,IDA ISS IEA,IDA,IEA,IMP IGI IEA,IEA,IMP IEA,IDA IMP,IEA,IMP IGI ISS IEA","ENSMUSG00000021594,ENSMUSG00000022215,ENSMUSG00000022620,ENSMUSG00000023057,ENSMUSG00000024665,ENSMUSG00000027261,ENSMUSG00000027983,ENSMUSG00000028603,ENSMUSG00000031767,ENSMUSG00000032080,ENSMUSG00000032083,ENSMUSG00000038092,ENSMUSG00000038754,ENSMUSG00000041567,ENSMUSG00000042429,ENSMUSG00000046402"
"Down-regulated",TRUE,0.023839148213116,1395,127,17,0.133858267716535,0.0121863799283154,"GO:0002682","GO:BP","regulation of immune system process",24936,1154,"GO:0002376;GO:0050789","NAS IEA,IMP NAS IEA,IGI,IDA IMP IEA,IEA,IDA IMP IEA,NAS IEA,IEA,IEA,ISO NAS IEA,IDA ISS ISO IEA,IGI,IMP,IMP,IMP,ISS ISO,IEA","ENSMUSG00000022149,ENSMUSG00000022181,ENSMUSG00000023067,ENSMUSG00000023274,ENSMUSG00000026043,ENSMUSG00000029254,ENSMUSG00000029656,ENSMUSG00000029771,ENSMUSG00000032083,ENSMUSG00000035031,ENSMUSG00000035042,ENSMUSG00000042429,ENSMUSG00000046402,ENSMUSG00000049109,ENSMUSG00000049723,ENSMUSG00000053977,ENSMUSG00000061132"
"Down-regulated",TRUE,0.0241211039731919,291,127,7,0.0551181102362205,0.0240549828178694,"GO:0002460","GO:BP","adaptive immune response based on somatic recombination of immune receptors built from immunoglobulin superfamily domains",24936,941,"GO:0002250","IEA,IEA,IMP,IEA,IEA,IMP,IDA","ENSMUSG00000022149,ENSMUSG00000022181,ENSMUSG00000023274,ENSMUSG00000029656,ENSMUSG00000035031,ENSMUSG00000053977,ENSMUSG00000076612"
"Down-regulated",TRUE,0.0248985658460745,912,127,13,0.102362204724409,0.0142543859649123,"GO:0040012","GO:BP","regulation of locomotion",24936,9266,"GO:0040011;GO:0050789","IEA,IEA,IEA,IEA,IMP ISS IEA,IEA,IMP,IMP,IEA,IDA ISS ISO IEA,IGI,IMP,IDA IEA","ENSMUSG00000000303,ENSMUSG00000001506,ENSMUSG00000020122,ENSMUSG00000020427,ENSMUSG00000021338,ENSMUSG00000024421,ENSMUSG00000026043,ENSMUSG00000029254,ENSMUSG00000031465,ENSMUSG00000035042,ENSMUSG00000042429,ENSMUSG00000042524,ENSMUSG00000048376"
"Down-regulated",TRUE,0.0248985658460745,141,127,5,0.0393700787401575,0.0354609929078014,"GO:0055088","GO:BP","lipid homeostasis",24936,13263,"GO:0048878","IEA,IEA,IEA,ISS,IMP","ENSMUSG00000032080,ENSMUSG00000032083,ENSMUSG00000042429,ENSMUSG00000046402,ENSMUSG00000062515"
"Down-regulated",TRUE,0.0255622419638532,583,127,10,0.078740157480315,0.0171526586620926,"GO:0002252","GO:BP","immune effector process",24936,761,"GO:0002376","IMP,IEA,IMP IEA,IDA,IEA,IEA,IEA,ISO IEA,IMP,IDA","ENSMUSG00000020681,ENSMUSG00000022149,ENSMUSG00000022181,ENSMUSG00000029254,ENSMUSG00000029656,ENSMUSG00000029771,ENSMUSG00000032083,ENSMUSG00000035031,ENSMUSG00000053977,ENSMUSG00000076612"
"Down-regulated",TRUE,0.0262183858438957,693,127,11,0.0866141732283465,0.0158730158730159,"GO:0030155","GO:BP","regulation of cell adhesion",24936,6253,"GO:0007155;GO:0050794","IEA,IDA,IMP IEA,IDA,IEA,ISA,IDA,IEA,ISS,ISS IEA,IEA","ENSMUSG00000000303,ENSMUSG00000001506,ENSMUSG00000021338,ENSMUSG00000023274,ENSMUSG00000024421,ENSMUSG00000030004,ENSMUSG00000031465,ENSMUSG00000032083,ENSMUSG00000032482,ENSMUSG00000035042,ENSMUSG00000049723"
"Down-regulated",TRUE,0.0266149419688064,9,127,2,0.015748031496063,0.222222222222222,"GO:0034372","GO:BP","very-low-density lipoprotein particle remodeling",24936,8023,"GO:0034370","IEA,IEA","ENSMUSG00000032080,ENSMUSG00000032083"
"Down-regulated",TRUE,0.0266149419688064,9,127,2,0.015748031496063,0.222222222222222,"GO:0030300","GO:BP","regulation of intestinal cholesterol absorption",24936,6319,"GO:0030299;GO:1904729","IMP,IDA","ENSMUSG00000032080,ENSMUSG00000032083"
"Down-regulated",TRUE,0.0266149419688064,9,127,2,0.015748031496063,0.222222222222222,"GO:0003093","GO:BP","regulation of glomerular filtration",24936,1484,"GO:0003094;GO:0098801","IMP,ISS","ENSMUSG00000042429,ENSMUSG00000048376"
"Down-regulated",TRUE,0.0266149419688064,37,127,3,0.0236220472440945,0.0810810810810811,"GO:0050892","GO:BP","intestinal absorption",24936,12473,"GO:0022600","IEA,IMP,IDA","ENSMUSG00000023057,ENSMUSG00000032080,ENSMUSG00000032083"
"Down-regulated",TRUE,0.0299767178406454,39,127,3,0.0236220472440945,0.0769230769230769,"GO:0044058","GO:BP","regulation of digestive system process",24936,10197,"GO:0022600;GO:0044057","IMP,IMP,IDA","ENSMUSG00000000915,ENSMUSG00000032080,ENSMUSG00000032083"
"Down-regulated",TRUE,0.0307544023081677,500,127,9,0.0708661417322835,0.018,"GO:0044283","GO:BP","small molecule biosynthetic process",24936,10248,"GO:0009058;GO:0044281","IEA,ISS IEA,IEA,IEA,IEA,IMP,IMP IEA,IDA,IEA","ENSMUSG00000024665,ENSMUSG00000026348,ENSMUSG00000027261,ENSMUSG00000029752,ENSMUSG00000032080,ENSMUSG00000032083,ENSMUSG00000038754,ENSMUSG00000041567,ENSMUSG00000046402"
"Down-regulated",TRUE,0.0309953273014393,10,127,2,0.015748031496063,0.2,"GO:0034370","GO:BP","triglyceride-rich lipoprotein particle remodeling",24936,8021,"GO:0034369","IEA,IEA","ENSMUSG00000032080,ENSMUSG00000032083"
"Down-regulated",TRUE,0.0309953273014393,312,127,7,0.0551181102362205,0.0224358974358974,"GO:0031589","GO:BP","cell-substrate adhesion",24936,6771,"GO:0007155","IDA,IMP IEA,IEA,IDA,IEA,ISS,IEA","ENSMUSG00000001506,ENSMUSG00000021338,ENSMUSG00000026043,ENSMUSG00000031465,ENSMUSG00000032083,ENSMUSG00000032482,ENSMUSG00000049723"
"Down-regulated",TRUE,0.0309953273014393,89,127,4,0.031496062992126,0.0449438202247191,"GO:0015908","GO:BP","fatty acid transport",24936,4765,"GO:0006869;GO:0015718","IEA,IEA,IEA,IDA","ENSMUSG00000020681,ENSMUSG00000023057,ENSMUSG00000054422,ENSMUSG00000062515"
"Down-regulated",TRUE,0.0309953273014393,89,127,4,0.031496062992126,0.0449438202247191,"GO:0022600","GO:BP","digestive system process",24936,6173,"GO:0003008;GO:0007586","IMP,IEA,IMP,IDA","ENSMUSG00000000915,ENSMUSG00000023057,ENSMUSG00000032080,ENSMUSG00000032083"
"Down-regulated",TRUE,0.0313189486433099,610,127,10,0.078740157480315,0.0163934426229508,"GO:0008610","GO:BP","lipid biosynthetic process",24936,3066,"GO:0006629;GO:0009058","IEA,IEA,IEA,IDA,IEA,IMP IEA,IEA,IMP IEA,IDA,IEA","ENSMUSG00000021594,ENSMUSG00000022215,ENSMUSG00000024665,ENSMUSG00000028603,ENSMUSG00000032080,ENSMUSG00000032083,ENSMUSG00000038092,ENSMUSG00000038754,ENSMUSG00000041567,ENSMUSG00000046402"
"Down-regulated",TRUE,0.031328497458535,3487,127,31,0.244094488188976,0.00889016346429596,"GO:0048583","GO:BP","regulation of response to stimulus",24936,12005,"GO:0050789;GO:0050896","IEA,IEA,IDA IMP ISS ISO IEA,IGI,IEA,NAS IEA,IMP NAS IEA,IDA IMP IEA,IEA,IDA IEA,IMP IEA,NAS IEA,IEA,IMP IEA,IEA,IDA IEA,ISO NAS IEA,IDA ISS IC IEA,IMP IEA,IMP,IEA,IGI IEA,IDA,IDA IMP IGI ISS IEA,IMP,IMP,IDA ISS ISO,IEA,IMP,IDA,IMP ISO IEA","ENSMUSG00000000915,ENSMUSG00000001506,ENSMUSG00000020122,ENSMUSG00000020427,ENSMUSG00000021453,ENSMUSG00000022149,ENSMUSG00000022181,ENSMUSG00000023274,ENSMUSG00000024665,ENSMUSG00000026043,ENSMUSG00000029254,ENSMUSG00000029656,ENSMUSG00000031465,ENSMUSG00000031645,ENSMUSG00000032083,ENSMUSG00000034220,ENSMUSG00000035031,ENSMUSG00000035042,ENSMUSG00000036040,ENSMUSG00000041567,ENSMUSG00000042379,ENSMUSG00000042429,ENSMUSG00000044469,ENSMUSG00000048376,ENSMUSG00000049109,ENSMUSG00000049723,ENSMUSG00000053977,ENSMUSG00000061132,ENSMUSG00000062515,ENSMUSG00000069170,ENSMUSG00000078817"
"Down-regulated",TRUE,0.032337692523518,1868,127,20,0.15748031496063,0.0107066381156317,"GO:0008283","GO:BP","cell population proliferation",24936,3010,"GO:0009987","IDA IMP IGI ISO IEA,IGI ISO IEA,IMP,IDA,IMP IGI IEA,IMP,IDA,ISS IEA,ISS IEA,IMP,IMP ISS IEA,IMP,IEA,IEA,IGI,ISS IEA,IEA,ISS IEA,IMP,IDA","ENSMUSG00000020122,ENSMUSG00000020427,ENSMUSG00000020681,ENSMUSG00000022971,ENSMUSG00000023067,ENSMUSG00000026043,ENSMUSG00000026574,ENSMUSG00000028982,ENSMUSG00000029417,ENSMUSG00000032083,ENSMUSG00000035042,ENSMUSG00000040681,ENSMUSG00000042379,ENSMUSG00000042429,ENSMUSG00000042638,ENSMUSG00000048376,ENSMUSG00000049723,ENSMUSG00000051225,ENSMUSG00000058799,ENSMUSG00000078672"
"Down-regulated",TRUE,0.0335246665090713,962,127,13,0.102362204724409,0.0135135135135135,"GO:1902533","GO:BP","positive regulation of intracellular signal transduction",24936,20816,"GO:0009967;GO:0035556;GO:1902531","ISS IEA,IGI,IEA,IDA IEA,IDA,IEA,ISS IEA,IMP,IEA,IDA IGI ISS IEA,IDA,IDA,IEA","ENSMUSG00000020122,ENSMUSG00000020427,ENSMUSG00000021453,ENSMUSG00000023274,ENSMUSG00000026043,ENSMUSG00000032083,ENSMUSG00000035042,ENSMUSG00000041567,ENSMUSG00000042429,ENSMUSG00000048376,ENSMUSG00000053977,ENSMUSG00000069170,ENSMUSG00000078817"
"Down-regulated",TRUE,0.0342300861527608,6327,127,48,0.377952755905512,0.00758653390232338,"GO:0032502","GO:BP","developmental process",24936,7117,"GO:0008150","IEA,IMP,IMP IGI IEP ISO IEA,IEP,IMP IGI IEA,IEP ISS IEA,IMP IEA,IEA,IMP IGI,IDA,IEA,IDA,IMP IGI,ISS IEA,IEA,IMP,IMP IEA,IEA,IMP TAS,IMP,IMP,IMP,IDA IMP IGI TAS IEA,IDA,IEA,IMP IEA,ISS IEA,IEP ISS,IMP,IMP,IDA,IMP IGI,IDA IMP,IEA,IMP,IMP,IMP,IMP,IMP,IDA IMP IEA,IMP,IDA,IMP,IMP IEA,IDA,IDA IMP IEA,IMP NAS IEA,IDA","ENSMUSG00000000303,ENSMUSG00000000915,ENSMUSG00000001506,ENSMUSG00000012428,ENSMUSG00000020122,ENSMUSG00000020427,ENSMUSG00000020681,ENSMUSG00000021594,ENSMUSG00000022181,ENSMUSG00000022215,ENSMUSG00000022762,ENSMUSG00000022971,ENSMUSG00000023067,ENSMUSG00000023274,ENSMUSG00000024421,ENSMUSG00000025270,ENSMUSG00000026043,ENSMUSG00000027965,ENSMUSG00000029254,ENSMUSG00000029417,ENSMUSG00000030004,ENSMUSG00000030137,ENSMUSG00000031465,ENSMUSG00000031767,ENSMUSG00000032080,ENSMUSG00000032083,ENSMUSG00000032482,ENSMUSG00000034220,ENSMUSG00000036040,ENSMUSG00000038375,ENSMUSG00000039956,ENSMUSG00000040681,ENSMUSG00000041293,ENSMUSG00000042379,ENSMUSG00000042524,ENSMUSG00000044708,ENSMUSG00000046160,ENSMUSG00000046402,ENSMUSG00000049109,ENSMUSG00000049723,ENSMUSG00000053977,ENSMUSG00000055003,ENSMUSG00000056131,ENSMUSG00000058799,ENSMUSG00000062515,ENSMUSG00000068747,ENSMUSG00000069170,ENSMUSG00000078672"
"Down-regulated",TRUE,0.0350130510219334,11,127,2,0.015748031496063,0.181818181818182,"GO:0071493","GO:BP","cellular response to UV-B",24936,15588,"GO:0010224;GO:0034644","IDA,IEA","ENSMUSG00000023067,ENSMUSG00000042436"
"Down-regulated",TRUE,0.0350130510219334,11,127,2,0.015748031496063,0.181818181818182,"GO:0048251","GO:BP","elastic fiber assembly",24936,11762,"GO:0085029;GO:0097435","IMP,IEA","ENSMUSG00000026043,ENSMUSG00000042436"
"Down-regulated",TRUE,0.0350130510219334,160,127,5,0.0393700787401575,0.03125,"GO:0001906","GO:BP","cell killing",24936,511,"GO:0009987","ISS IEA,IEA,IDA,IEA,IEA","ENSMUSG00000022149,ENSMUSG00000022181,ENSMUSG00000029254,ENSMUSG00000029656,ENSMUSG00000035031"
"Down-regulated",TRUE,0.0362521367871843,976,127,13,0.102362204724409,0.0133196721311475,"GO:0002684","GO:BP","positive regulation of immune system process",24936,1156,"GO:0002376;GO:0002682;GO:0048518","NAS IEA,IMP NAS IEA,IGI,IDA IMP IEA,IDA IMP IEA,NAS IEA,IEA,ISO NAS IEA,IDA ISS ISO IEA,IMP,IMP,ISS ISO,IEA","ENSMUSG00000022149,ENSMUSG00000022181,ENSMUSG00000023067,ENSMUSG00000023274,ENSMUSG00000029254,ENSMUSG00000029656,ENSMUSG00000029771,ENSMUSG00000035031,ENSMUSG00000035042,ENSMUSG00000049109,ENSMUSG00000049723,ENSMUSG00000053977,ENSMUSG00000061132"
"Down-regulated",TRUE,0.0394279926097838,753,127,11,0.0866141732283465,0.0146082337317397,"GO:0006954","GO:BP","inflammatory response",24936,2454,"GO:0006952","IEA,IEA,IMP,IEA,IEA,IEA,IMP IEA,IGI IEA,IMP ISS IEA,IMP,IMP IEA","ENSMUSG00000022965,ENSMUSG00000024665,ENSMUSG00000029254,ENSMUSG00000029417,ENSMUSG00000029771,ENSMUSG00000032083,ENSMUSG00000035042,ENSMUSG00000042429,ENSMUSG00000048376,ENSMUSG00000062515,ENSMUSG00000078817"
"Down-regulated",TRUE,0.0394279926097838,332,127,7,0.0551181102362205,0.0210843373493976,"GO:0032102","GO:BP","negative regulation of response to external stimulus",24936,6888,"GO:0009605;GO:0032101;GO:0048585","IMP,IEA,IEA,IEA,IGI IEA,IMP,IMP IEA","ENSMUSG00000029254,ENSMUSG00000031465,ENSMUSG00000031645,ENSMUSG00000032083,ENSMUSG00000042429,ENSMUSG00000049723,ENSMUSG00000078817"
"Down-regulated",TRUE,0.0394279926097838,870,127,12,0.094488188976378,0.0137931034482759,"GO:0048878","GO:BP","chemical homeostasis",24936,12266,"GO:0042592","IEA,IDA,IDA IEA,IDA IMP IGI IEA,IMP,IEA,IEA,IEA,IEA,IMP,ISS,IMP","ENSMUSG00000001506,ENSMUSG00000012428,ENSMUSG00000022032,ENSMUSG00000024411,ENSMUSG00000025270,ENSMUSG00000032080,ENSMUSG00000032083,ENSMUSG00000035042,ENSMUSG00000042429,ENSMUSG00000044708,ENSMUSG00000046402,ENSMUSG00000062515"
"Down-regulated",TRUE,0.0394279926097838,12,127,2,0.015748031496063,0.166666666666667,"GO:1904729","GO:BP","regulation of intestinal lipid absorption",24936,22327,"GO:0098856;GO:1904478","IMP,IDA","ENSMUSG00000032080,ENSMUSG00000032083"
"Down-regulated",TRUE,0.0394279926097838,12,127,2,0.015748031496063,0.166666666666667,"GO:0042447","GO:BP","hormone catabolic process",24936,9534,"GO:0009056;GO:0042445","IDA IEA,IEA","ENSMUSG00000020681,ENSMUSG00000021594"
"Down-regulated",TRUE,0.0402761389551827,336,127,7,0.0551181102362205,0.0208333333333333,"GO:0042063","GO:BP","gliogenesis",24936,9314,"GO:0022008","IMP,IMP,ISS,ISS,IMP,IMP,IMP","ENSMUSG00000026043,ENSMUSG00000029254,ENSMUSG00000032482,ENSMUSG00000034220,ENSMUSG00000042524,ENSMUSG00000044708,ENSMUSG00000046160"
"Down-regulated",TRUE,0.0415937913375486,47,127,3,0.0236220472440945,0.0638297872340425,"GO:0098586","GO:BP","cellular response to virus",24936,17566,"GO:0009615","IEA,IEA,IMP","ENSMUSG00000029771,ENSMUSG00000035042,ENSMUSG00000049723"
"Down-regulated",TRUE,0.0440856030469637,13,127,2,0.015748031496063,0.153846153846154,"GO:0033700","GO:BP","phospholipid efflux",24936,7798,"GO:0015914","IEA,ISS IEA","ENSMUSG00000032080,ENSMUSG00000032083"
"Down-regulated",TRUE,0.0440856030469637,13,127,2,0.015748031496063,0.153846153846154,"GO:0043691","GO:BP","reverse cholesterol transport",24936,10149,"GO:0030301","IEA,IEA","ENSMUSG00000032080,ENSMUSG00000032083"
"Down-regulated",TRUE,0.0440856030469637,13,127,2,0.015748031496063,0.153846153846154,"GO:0034375","GO:BP","high-density lipoprotein particle remodeling",24936,8026,"GO:0034369","IEA,IEA","ENSMUSG00000032080,ENSMUSG00000032083"
"Down-regulated",TRUE,0.044442732227741,49,127,3,0.0236220472440945,0.0612244897959184,"GO:1900024","GO:BP","regulation of substrate adhesion-dependent cell spreading",24936,19107,"GO:0010810;GO:0034446","IMP IEA,IEA,ISS","ENSMUSG00000021338,ENSMUSG00000032083,ENSMUSG00000032482"
"Down-regulated",TRUE,0.044442732227741,657,127,10,0.078740157480315,0.015220700152207,"GO:0050778","GO:BP","positive regulation of immune response",24936,12393,"GO:0002684;GO:0006955;GO:0048584;GO:0050776","NAS IEA,IMP NAS IEA,IMP,IEA,NAS IEA,ISO NAS IEA,IMP,IMP,ISS ISO,IEA","ENSMUSG00000022149,ENSMUSG00000022181,ENSMUSG00000023274,ENSMUSG00000029254,ENSMUSG00000029656,ENSMUSG00000035031,ENSMUSG00000049109,ENSMUSG00000049723,ENSMUSG00000053977,ENSMUSG00000061132"
"Down-regulated",TRUE,0.044442732227741,49,127,3,0.0236220472440945,0.0612244897959184,"GO:0021795","GO:BP","cerebral cortex cell migration",24936,5965,"GO:0021987;GO:0022029","IMP,IMP,IMP","ENSMUSG00000020122,ENSMUSG00000026043,ENSMUSG00000042524"
"Down-regulated",TRUE,0.0453664695276189,105,127,4,0.031496062992126,0.0380952380952381,"GO:0007586","GO:BP","digestion",24936,2908,"GO:0032501","IMP,IEA,IMP,IDA","ENSMUSG00000000915,ENSMUSG00000023057,ENSMUSG00000032080,ENSMUSG00000032083"
"Down-regulated",TRUE,0.0464863506748665,259,127,6,0.047244094488189,0.0231660231660232,"GO:0030336","GO:BP","negative regulation of cell migration",24936,6341,"GO:0016477;GO:0030334;GO:2000146","IEA,IEA,IMP,IMP,IEA,IGI","ENSMUSG00000000303,ENSMUSG00000020427,ENSMUSG00000026043,ENSMUSG00000029254,ENSMUSG00000031465,ENSMUSG00000042429"
"Down-regulated",TRUE,0.0464863506748665,259,127,6,0.047244094488189,0.0231660231660232,"GO:0045444","GO:BP","fat cell differentiation",24936,10608,"GO:0030154","IEP,IDA,IDA,IDA,IDA,IDA","ENSMUSG00000012428,ENSMUSG00000022215,ENSMUSG00000031767,ENSMUSG00000039956,ENSMUSG00000062515,ENSMUSG00000068747"
"Down-regulated",TRUE,0.0470255121184077,14,127,2,0.015748031496063,0.142857142857143,"GO:0030299","GO:BP","intestinal cholesterol absorption",24936,6318,"GO:0044241;GO:0098856","IMP,IDA","ENSMUSG00000032080,ENSMUSG00000032083"
"Down-regulated",TRUE,0.0470255121184077,261,127,6,0.047244094488189,0.0229885057471264,"GO:0007162","GO:BP","negative regulation of cell adhesion",24936,2592,"GO:0007155;GO:0030155;GO:0048523","IEA,IDA,ISA,IDA,IEA,IEA","ENSMUSG00000000303,ENSMUSG00000001506,ENSMUSG00000030004,ENSMUSG00000031465,ENSMUSG00000032083,ENSMUSG00000049723"
"Down-regulated",TRUE,0.0470255121184077,51,127,3,0.0236220472440945,0.0588235294117647,"GO:0010812","GO:BP","negative regulation of cell-substrate adhesion",24936,4218,"GO:0007162;GO:0010810;GO:0031589","IDA,IDA,IEA","ENSMUSG00000001506,ENSMUSG00000031465,ENSMUSG00000049723"
"Down-regulated",TRUE,0.0470255121184077,14,127,2,0.015748031496063,0.142857142857143,"GO:0070207","GO:BP","protein homotrimerization",24936,14881,"GO:0051260;GO:0070206","IEA,IPI","ENSMUSG00000012428,ENSMUSG00000022032"
"Down-regulated",TRUE,5.79925276055167e-11,2340,141,44,0.312056737588652,0.0188034188034188,"GO:0005576","GO:CC","extracellular region",25413,194,"GO:0110165","IDA HDA TAS IEA,HDA ISS IEA,IDA HDA ISS IEA,IDA ISS IEA,ISS IEA,IEA,HDA IEA,IDA HDA IEA,IEA,IEA,TAS IEA,HDA IEA,IEA,ISS IEA,IDA IEA,IDA IEA,IEA,IEA,HDA IEA,IEA,IDA TAS IEA,IDA ISO TAS IEA,IEA,IEA,IEA,IDA IEA,IDA IEA,IDA IEA,IEA,IEA,IEA,IDA HDA TAS IEA,IEA,IEA,IEA,IEA,IEA,IEA,IEA,IDA,IEA,IDA IEA,IEA,IEA","ENSMUSG00000001506,ENSMUSG00000018339,ENSMUSG00000020427,ENSMUSG00000020681,ENSMUSG00000022149,ENSMUSG00000022181,ENSMUSG00000022620,ENSMUSG00000022971,ENSMUSG00000024029,ENSMUSG00000024411,ENSMUSG00000024421,ENSMUSG00000026043,ENSMUSG00000026574,ENSMUSG00000027596,ENSMUSG00000027965,ENSMUSG00000029417,ENSMUSG00000029656,ENSMUSG00000031271,ENSMUSG00000031465,ENSMUSG00000031645,ENSMUSG00000032080,ENSMUSG00000032083,ENSMUSG00000032482,ENSMUSG00000034220,ENSMUSG00000035031,ENSMUSG00000035042,ENSMUSG00000036040,ENSMUSG00000041567,ENSMUSG00000041782,ENSMUSG00000042379,ENSMUSG00000042436,ENSMUSG00000049723,ENSMUSG00000058207,ENSMUSG00000060560,ENSMUSG00000066153,ENSMUSG00000066154,ENSMUSG00000069170,ENSMUSG00000072849,ENSMUSG00000073830,ENSMUSG00000076612,ENSMUSG00000076617,ENSMUSG00000078672,ENSMUSG00000095612,ENSMUSG00000096459"
"Down-regulated",TRUE,2.78633170728532e-06,1136,141,24,0.170212765957447,0.0211267605633803,"GO:0005615","GO:CC","extracellular space",25413,227,"GO:0005576;GO:0110165","IDA HDA IEA,HDA ISS IEA,IDA HDA ISS IEA,ISS IEA,ISS IEA,HDA IEA,IDA HDA,HDA IEA,ISS IEA,IDA,IDA IEA,IEA,IEA,HDA IEA,IEA,IDA IEA,IDA ISO IEA,IDA IEA,IDA IEA,IDA HDA IEA,IEA,IEA,IDA,IEA","ENSMUSG00000001506,ENSMUSG00000018339,ENSMUSG00000020427,ENSMUSG00000020681,ENSMUSG00000022149,ENSMUSG00000022620,ENSMUSG00000022971,ENSMUSG00000026043,ENSMUSG00000027596,ENSMUSG00000027965,ENSMUSG00000029417,ENSMUSG00000029656,ENSMUSG00000031271,ENSMUSG00000031465,ENSMUSG00000031645,ENSMUSG00000032080,ENSMUSG00000032083,ENSMUSG00000035042,ENSMUSG00000041567,ENSMUSG00000049723,ENSMUSG00000058207,ENSMUSG00000072849,ENSMUSG00000076612,ENSMUSG00000076617"
"Down-regulated",TRUE,3.54515393675873e-06,7,141,4,0.0283687943262411,0.571428571428571,"GO:0005579","GO:CC","membrane attack complex",25413,196,"GO:0046930;GO:0098797","ISS ISO IEA,ISO IEA,ISO IEA,ISO IEA","ENSMUSG00000022149,ENSMUSG00000022181,ENSMUSG00000029656,ENSMUSG00000035031"
"Down-regulated",TRUE,2.48515434569491e-05,26,141,5,0.0354609929078014,0.192307692307692,"GO:0046930","GO:CC","pore complex",25413,2150,"GO:0098796","IMP IEA,ISS ISO IEA,ISO IEA,ISO IEA,ISO IEA","ENSMUSG00000001763,ENSMUSG00000022149,ENSMUSG00000022181,ENSMUSG00000029656,ENSMUSG00000035031"
"Down-regulated",TRUE,0.000824921020247842,1758,141,25,0.177304964539007,0.0142207053469852,"GO:0005783","GO:CC","endoplasmic reticulum",25413,335,"GO:0005737;GO:0012505;GO:0043231","IEA,IEA,IEA,IDA IEA,IEA,IEA,IDA,IEA,IEA,IEA,IDA IEA,IEA,ISS ISA IEA,IEA,IEA,ISS TAS IEA,IEA,IEA,IEA,IEA,IEA,IEA,IEA,IEA,IEA","ENSMUSG00000016756,ENSMUSG00000020122,ENSMUSG00000021594,ENSMUSG00000022215,ENSMUSG00000022620,ENSMUSG00000022964,ENSMUSG00000023274,ENSMUSG00000024421,ENSMUSG00000024665,ENSMUSG00000027983,ENSMUSG00000028603,ENSMUSG00000029822,ENSMUSG00000030004,ENSMUSG00000032482,ENSMUSG00000038092,ENSMUSG00000038754,ENSMUSG00000039956,ENSMUSG00000040412,ENSMUSG00000042638,ENSMUSG00000061536,ENSMUSG00000062181,ENSMUSG00000062624,ENSMUSG00000068747,ENSMUSG00000069922,ENSMUSG00000078922"
"Down-regulated",TRUE,0.0011292828979467,753,141,15,0.106382978723404,0.0199203187250996,"GO:0009986","GO:CC","cell surface",25413,641,"GO:0110165","IDA,IDA IEA,IEA,IDA,IEA,IDA ISO IEA,IEA,IDA,IEA,IEA,IEA,IDA ISO,IEA,IEA,IEA","ENSMUSG00000001763,ENSMUSG00000020122,ENSMUSG00000020681,ENSMUSG00000022032,ENSMUSG00000022620,ENSMUSG00000023274,ENSMUSG00000024411,ENSMUSG00000029417,ENSMUSG00000032080,ENSMUSG00000032482,ENSMUSG00000048376,ENSMUSG00000053977,ENSMUSG00000068747,ENSMUSG00000069170,ENSMUSG00000076617"
"Down-regulated",TRUE,0.00221609111218429,4005,141,41,0.290780141843972,0.0102372034956305,"GO:0012505","GO:CC","endomembrane system",25413,666,"GO:0110165","IEA,IDA IEA,IEA,IDA IEA,IEA,ISS IEA,IEA,ISS IEA,IEA,IEA,IDA IEA,IEA,IEA,IDA,IDA,IEA,IEA,IEA,IDA,IEA,IEA,IDA IEA,IEA,ISS ISA IEA,IMP,ISS IEA,TAS IEA,IEA,ISS TAS IEA,IEA,IEA,IDA ISO TAS IEA,IEA,IEA,ISS IEA,IEA,IEA,IEA,IDA ISS IEA,IEA,IEA","ENSMUSG00000000303,ENSMUSG00000000915,ENSMUSG00000001506,ENSMUSG00000012428,ENSMUSG00000016756,ENSMUSG00000020122,ENSMUSG00000020681,ENSMUSG00000021338,ENSMUSG00000021594,ENSMUSG00000021903,ENSMUSG00000022215,ENSMUSG00000022620,ENSMUSG00000022964,ENSMUSG00000023274,ENSMUSG00000024029,ENSMUSG00000024411,ENSMUSG00000024421,ENSMUSG00000024665,ENSMUSG00000027965,ENSMUSG00000027983,ENSMUSG00000028538,ENSMUSG00000028603,ENSMUSG00000029822,ENSMUSG00000030004,ENSMUSG00000030137,ENSMUSG00000032482,ENSMUSG00000034220,ENSMUSG00000038092,ENSMUSG00000038754,ENSMUSG00000039956,ENSMUSG00000040412,ENSMUSG00000042524,ENSMUSG00000042638,ENSMUSG00000048376,ENSMUSG00000058240,ENSMUSG00000061536,ENSMUSG00000062181,ENSMUSG00000062624,ENSMUSG00000068747,ENSMUSG00000069922,ENSMUSG00000078922"
"Down-regulated",TRUE,0.00312071664086859,249,141,8,0.0567375886524823,0.0321285140562249,"GO:0031012","GO:CC","extracellular matrix",25413,1000,"GO:0030312","IDA IMP ISO IEA,IDA IEA,IDA IEA,IDA,IDA,IEA,IEA,IEA","ENSMUSG00000001506,ENSMUSG00000024421,ENSMUSG00000026043,ENSMUSG00000034220,ENSMUSG00000036040,ENSMUSG00000041782,ENSMUSG00000042436,ENSMUSG00000049723"
"Down-regulated",TRUE,0.00312071664086859,251,141,8,0.0567375886524823,0.0318725099601594,"GO:0030312","GO:CC","external encapsulating structure",25413,902,"GO:0071944;GO:0110165","IDA IMP ISO IEA,IDA IEA,IDA IEA,IDA,IDA,IEA,IEA,IEA","ENSMUSG00000001506,ENSMUSG00000024421,ENSMUSG00000026043,ENSMUSG00000034220,ENSMUSG00000036040,ENSMUSG00000041782,ENSMUSG00000042436,ENSMUSG00000049723"
"Down-regulated",TRUE,0.00379394571459143,1814,141,23,0.163120567375887,0.0126791620727674,"GO:0097708","GO:CC","intracellular vesicle",25413,3067,"GO:0031982;GO:0043231","IEA,IDA ISS IEA,IEA,IDA IEA,IDA ISS IEA,IEA,ISS IEA,IEA,TAS,IEA,IDA,IEA,IMP,IEA,ISS IEA,IEA,IEA,IEA,IEA,IEA,ISS IEA,IEA,IDA IEA","ENSMUSG00000000303,ENSMUSG00000000915,ENSMUSG00000001506,ENSMUSG00000012428,ENSMUSG00000020122,ENSMUSG00000020681,ENSMUSG00000021338,ENSMUSG00000021903,ENSMUSG00000022032,ENSMUSG00000022620,ENSMUSG00000024029,ENSMUSG00000024411,ENSMUSG00000030137,ENSMUSG00000032083,ENSMUSG00000032482,ENSMUSG00000034220,ENSMUSG00000038375,ENSMUSG00000040412,ENSMUSG00000042524,ENSMUSG00000048376,ENSMUSG00000058240,ENSMUSG00000058799,ENSMUSG00000068747"
"Down-regulated",TRUE,0.00379394571459143,1123,141,17,0.120567375886525,0.0151380231522707,"GO:0042175","GO:CC","nuclear outer membrane-endoplasmic reticulum membrane network",25413,1742,"GO:0012505;GO:0016020","IEA,IEA,IDA IEA,IEA,IDA,IEA,IEA,IEA,ISS IEA,IEA,IEA,TAS IEA,IEA,IEA,IEA,IEA,IEA","ENSMUSG00000020122,ENSMUSG00000021594,ENSMUSG00000022215,ENSMUSG00000022964,ENSMUSG00000023274,ENSMUSG00000024665,ENSMUSG00000027983,ENSMUSG00000029822,ENSMUSG00000030004,ENSMUSG00000032482,ENSMUSG00000038092,ENSMUSG00000038754,ENSMUSG00000039956,ENSMUSG00000040412,ENSMUSG00000042638,ENSMUSG00000061536,ENSMUSG00000068747"
"Down-regulated",TRUE,0.00379394571459143,1341,141,19,0.134751773049645,0.0141685309470544,"GO:0031984","GO:CC","organelle subcompartment",25413,1201,"GO:0043227;GO:0043229;GO:0110165","IEA,IEA,IEA,IDA IEA,IEA,IDA,IEA,IEA,IEA,IEA,ISS IEA,IEA,IEA,TAS IEA,IEA,IEA,IEA,IEA,IEA","ENSMUSG00000000303,ENSMUSG00000020122,ENSMUSG00000021594,ENSMUSG00000022215,ENSMUSG00000022964,ENSMUSG00000023274,ENSMUSG00000024665,ENSMUSG00000027983,ENSMUSG00000028538,ENSMUSG00000029822,ENSMUSG00000030004,ENSMUSG00000032482,ENSMUSG00000038092,ENSMUSG00000038754,ENSMUSG00000039956,ENSMUSG00000040412,ENSMUSG00000042638,ENSMUSG00000061536,ENSMUSG00000068747"
"Down-regulated",TRUE,0.00379394571459143,1108,141,17,0.120567375886525,0.0153429602888087,"GO:0098827","GO:CC","endoplasmic reticulum subcompartment",25413,3197,"GO:0005783;GO:0031984","IEA,IEA,IDA IEA,IEA,IDA,IEA,IEA,IEA,ISS IEA,IEA,IEA,TAS IEA,IEA,IEA,IEA,IEA,IEA","ENSMUSG00000020122,ENSMUSG00000021594,ENSMUSG00000022215,ENSMUSG00000022964,ENSMUSG00000023274,ENSMUSG00000024665,ENSMUSG00000027983,ENSMUSG00000029822,ENSMUSG00000030004,ENSMUSG00000032482,ENSMUSG00000038092,ENSMUSG00000038754,ENSMUSG00000039956,ENSMUSG00000040412,ENSMUSG00000042638,ENSMUSG00000061536,ENSMUSG00000068747"
"Down-regulated",TRUE,0.00379394571459143,1807,141,23,0.163120567375887,0.0127282789153293,"GO:0031410","GO:CC","cytoplasmic vesicle",25413,1078,"GO:0005737;GO:0097708","IEA,IDA ISS IEA,IEA,IDA IEA,IDA ISS IEA,IEA,ISS IEA,IEA,TAS,IEA,IDA,IEA,IMP,IEA,ISS IEA,IEA,IEA,IEA,IEA,IEA,ISS IEA,IEA,IDA IEA","ENSMUSG00000000303,ENSMUSG00000000915,ENSMUSG00000001506,ENSMUSG00000012428,ENSMUSG00000020122,ENSMUSG00000020681,ENSMUSG00000021338,ENSMUSG00000021903,ENSMUSG00000022032,ENSMUSG00000022620,ENSMUSG00000024029,ENSMUSG00000024411,ENSMUSG00000030137,ENSMUSG00000032083,ENSMUSG00000032482,ENSMUSG00000034220,ENSMUSG00000038375,ENSMUSG00000040412,ENSMUSG00000042524,ENSMUSG00000048376,ENSMUSG00000058240,ENSMUSG00000058799,ENSMUSG00000068747"
"Down-regulated",TRUE,0.00379394571459143,1104,141,17,0.120567375886525,0.0153985507246377,"GO:0005789","GO:CC","endoplasmic reticulum membrane",25413,341,"GO:0031090;GO:0042175;GO:0098827","IEA,IEA,IDA IEA,IEA,IDA,IEA,IEA,IEA,ISS IEA,IEA,IEA,TAS IEA,IEA,IEA,IEA,IEA,IEA","ENSMUSG00000020122,ENSMUSG00000021594,ENSMUSG00000022215,ENSMUSG00000022964,ENSMUSG00000023274,ENSMUSG00000024665,ENSMUSG00000027983,ENSMUSG00000029822,ENSMUSG00000030004,ENSMUSG00000032482,ENSMUSG00000038092,ENSMUSG00000038754,ENSMUSG00000039956,ENSMUSG00000040412,ENSMUSG00000042638,ENSMUSG00000061536,ENSMUSG00000068747"
"Down-regulated",TRUE,0.00391336521004082,10727,141,81,0.574468085106383,0.00755103943320593,"GO:0005737","GO:CC","cytoplasm",25413,304,"GO:0005622;GO:0110165","IEA,IDA ISS IEA,IDA IEA,IEA,IEA,IDA IEA,IDA IEA,HDA ISS IEA,IDA ISS IEA,IDA IEA,ISS IEA,IEA,IEA,IEA,TAS,IDA IEA,IEA,HDA ISS ISA NAS IEA,HDA IEA,IEA,IEA,IDA IEA,IDA,IDA IEA,IDA IEA,IEA,IEA,IDA HDA IEA,IEA,IDA HDA ISS ISO IEA,IDA IEA,ISS IEA,IDA IEA,IDA,IEA,IEA,IDA HDA ISS TAS IEA,IDA HDA IEA,IEA,TAS IEA,IDA IEA,IEA,ISS ISA IEA,IMP IEA,IDA TAS IEA,TAS,TAS IEA,ISS IEA,IEA,TAS IEA,IDA,HDA IEA,ISS IEA,ISS TAS IEA,IEA,IEA,IEA,IEA,IEA,IDA IEA,IEA,IEA,IDA IEA,IEA,IEA,IDA IEA,ISS IEA,IDA IEA,IDA IEA,IEA,IEA,IDA IEA,IEA,IDA ISS IEA,IDA ISS IEA,IEA,IDA IEA,IEA,ISO IEA,IEA,IEA","ENSMUSG00000000303,ENSMUSG00000000915,ENSMUSG00000001506,ENSMUSG00000001763,ENSMUSG00000002033,ENSMUSG00000012428,ENSMUSG00000016756,ENSMUSG00000019082,ENSMUSG00000020122,ENSMUSG00000020681,ENSMUSG00000021338,ENSMUSG00000021453,ENSMUSG00000021594,ENSMUSG00000021903,ENSMUSG00000022032,ENSMUSG00000022215,ENSMUSG00000022620,ENSMUSG00000022889,ENSMUSG00000022890,ENSMUSG00000022964,ENSMUSG00000023057,ENSMUSG00000023067,ENSMUSG00000023274,ENSMUSG00000024029,ENSMUSG00000024411,ENSMUSG00000024421,ENSMUSG00000024665,ENSMUSG00000024694,ENSMUSG00000025014,ENSMUSG00000025270,ENSMUSG00000025613,ENSMUSG00000026348,ENSMUSG00000027261,ENSMUSG00000027965,ENSMUSG00000027983,ENSMUSG00000028538,ENSMUSG00000028603,ENSMUSG00000028982,ENSMUSG00000029254,ENSMUSG00000029752,ENSMUSG00000029771,ENSMUSG00000029822,ENSMUSG00000030004,ENSMUSG00000030137,ENSMUSG00000031767,ENSMUSG00000032080,ENSMUSG00000032083,ENSMUSG00000032482,ENSMUSG00000032735,ENSMUSG00000034220,ENSMUSG00000035042,ENSMUSG00000038092,ENSMUSG00000038375,ENSMUSG00000038754,ENSMUSG00000039956,ENSMUSG00000040412,ENSMUSG00000040681,ENSMUSG00000042524,ENSMUSG00000042638,ENSMUSG00000044469,ENSMUSG00000046402,ENSMUSG00000048376,ENSMUSG00000049109,ENSMUSG00000049723,ENSMUSG00000051225,ENSMUSG00000054422,ENSMUSG00000058240,ENSMUSG00000058799,ENSMUSG00000061132,ENSMUSG00000061536,ENSMUSG00000062181,ENSMUSG00000062515,ENSMUSG00000062624,ENSMUSG00000064294,ENSMUSG00000068747,ENSMUSG00000068877,ENSMUSG00000069170,ENSMUSG00000069922,ENSMUSG00000078817,ENSMUSG00000078922,ENSMUSG00000097148"
"Down-regulated",TRUE,0.00554330120834779,5,141,2,0.0141843971631206,0.4,"GO:0042571","GO:CC","immunoglobulin complex, circulating",25413,1756,"GO:0005615;GO:0019814","IDA,IEA","ENSMUSG00000076612,ENSMUSG00000076617"
"Down-regulated",TRUE,0.00554330120834779,24,141,3,0.0212765957446809,0.125,"GO:0031907","GO:CC","microbody lumen",25413,1174,"GO:0042579;GO:0070013","IEA,ISS TAS,TAS","ENSMUSG00000027261,ENSMUSG00000028603,ENSMUSG00000031767"
"Down-regulated",TRUE,0.00554330120834779,24,141,3,0.0212765957446809,0.125,"GO:0005782","GO:CC","peroxisomal matrix",25413,334,"GO:0005777;GO:0031907","IEA,ISS TAS,TAS","ENSMUSG00000027261,ENSMUSG00000028603,ENSMUSG00000031767"
"Down-regulated",TRUE,0.00605405817268253,1916,141,23,0.163120567375887,0.0120041753653445,"GO:0031982","GO:CC","vesicle",25413,1199,"GO:0043227","IEA,IDA ISS IEA,IEA,IDA IEA,IDA ISS IEA,IEA,ISS IEA,IEA,TAS,IEA,IDA,IEA,IMP,IEA,ISS IEA,IEA,IEA,IEA,IEA,IEA,ISS IEA,IEA,IDA IEA","ENSMUSG00000000303,ENSMUSG00000000915,ENSMUSG00000001506,ENSMUSG00000012428,ENSMUSG00000020122,ENSMUSG00000020681,ENSMUSG00000021338,ENSMUSG00000021903,ENSMUSG00000022032,ENSMUSG00000022620,ENSMUSG00000024029,ENSMUSG00000024411,ENSMUSG00000030137,ENSMUSG00000032083,ENSMUSG00000032482,ENSMUSG00000034220,ENSMUSG00000038375,ENSMUSG00000040412,ENSMUSG00000042524,ENSMUSG00000048376,ENSMUSG00000058240,ENSMUSG00000058799,ENSMUSG00000068747"
"Down-regulated",TRUE,0.00683943769542187,22103,141,135,0.957446808510638,0.00610776817626567,"GO:0110165","GO:CC","cellular anatomical structure",25413,3366,"GO:0005575","IEA,IEA,IDA ISS IEA,IDA IMP HDA ISO TAS IEA,IDA IMP IEA,IDA IEA,IEA,IDA TAS IEA,IDA IEA,HDA ISS IEA,HDA ISS IEA,IDA IGI ISS ISO IEA,IDA HDA ISS ISO IEA,IDA ISS IEA,IDA ISS IEA,IEA,IEA,IEA,IDA TAS IEA,ISS ISO NAS IEA,ISO NAS IEA,IDA IEA,IDA HDA IEA,IDA IEA,HDA ISS ISA NAS IEA,HDA ISS IEA,IEA,IEA,IDA HDA ISS TAS IEA,IEA,IEA,IDA ISS ISO IEA,IDA IEA,IDA ISO IEA,IDA IEA,IDA TAS NAS IEA,IDA TAS IEA,TAS IEA,IEA,IDA HDA IEA,ISS TAS IEA,IDA HDA ISS ISO IEA,IDA ISO IEA,IDA HDA IEA,ISS IEA,IEA,IDA IEA,ISS IEA,IDA IEA,IEA,IEA,IDA HDA ISS TAS IEA,IEA,IDA HDA IEA,IEA,IDA IEA,ISO NAS IEA,TAS IEA,IDA IEA,IEA,ISS ISA NAS IEA,IMP TAS IEA,TAS IEA,IEA,HDA IEA,IEA,IDA TAS IEA,IDA TAS IEA,IDA ISO TAS IEA,IDA IMP ISS IEA,IDA ISO IEA,EXP IDA TAS IEA,ISO NAS IEA,IDA IEA,IDA IEA,HDA IEA,ISS IEA,ISS TAS IEA,IEA,IEA,IDA IEA,IDA IEA,IDA IEA,IDA IEA,IEA,IEA,IDA ISO IEA,IEA,IDA ISO TAS IEA,IEA,IDA IEA,IDA IC IEA,IEA,IDA IEA,IDA ISS IEA,ISS IEA,IDA IEA,IDA HDA TAS IEA,IEA,IDA ISO IEA,IDA IEA,IEA,IEA,ISS IEA,IDA IEA,IEA,IEA,IDA IEA,IEA,IEA,IEA,IEA,IDA TAS IEA,IEA,IEA,IEA,IDA ISS IEA,IEA,IEA,IDA IMP ISS IEA,IEA,EXP IDA NAS IEA,IEA,IEA,IEA,IDA IEA,IEA,IEA,IEA,IDA IEA,ISO IEA,IEA,IEA,IEA,IEA","ENSMUSG00000000159,ENSMUSG00000000303,ENSMUSG00000000915,ENSMUSG00000001506,ENSMUSG00000001763,ENSMUSG00000002033,ENSMUSG00000003355,ENSMUSG00000012428,ENSMUSG00000016756,ENSMUSG00000018339,ENSMUSG00000019082,ENSMUSG00000020122,ENSMUSG00000020427,ENSMUSG00000020681,ENSMUSG00000021338,ENSMUSG00000021453,ENSMUSG00000021594,ENSMUSG00000021903,ENSMUSG00000022032,ENSMUSG00000022149,ENSMUSG00000022181,ENSMUSG00000022215,ENSMUSG00000022620,ENSMUSG00000022762,ENSMUSG00000022889,ENSMUSG00000022890,ENSMUSG00000022964,ENSMUSG00000022965,ENSMUSG00000022971,ENSMUSG00000023033,ENSMUSG00000023057,ENSMUSG00000023067,ENSMUSG00000023073,ENSMUSG00000023274,ENSMUSG00000024029,ENSMUSG00000024411,ENSMUSG00000024421,ENSMUSG00000024665,ENSMUSG00000024672,ENSMUSG00000024694,ENSMUSG00000025014,ENSMUSG00000025270,ENSMUSG00000025613,ENSMUSG00000026043,ENSMUSG00000026348,ENSMUSG00000026574,ENSMUSG00000027261,ENSMUSG00000027596,ENSMUSG00000027965,ENSMUSG00000027983,ENSMUSG00000028538,ENSMUSG00000028603,ENSMUSG00000028860,ENSMUSG00000028982,ENSMUSG00000029254,ENSMUSG00000029417,ENSMUSG00000029656,ENSMUSG00000029752,ENSMUSG00000029771,ENSMUSG00000029822,ENSMUSG00000030004,ENSMUSG00000030137,ENSMUSG00000030364,ENSMUSG00000031271,ENSMUSG00000031465,ENSMUSG00000031645,ENSMUSG00000031767,ENSMUSG00000032080,ENSMUSG00000032083,ENSMUSG00000032482,ENSMUSG00000032735,ENSMUSG00000034220,ENSMUSG00000035031,ENSMUSG00000035042,ENSMUSG00000036040,ENSMUSG00000038092,ENSMUSG00000038375,ENSMUSG00000038754,ENSMUSG00000039956,ENSMUSG00000040412,ENSMUSG00000040681,ENSMUSG00000041293,ENSMUSG00000041567,ENSMUSG00000041698,ENSMUSG00000041782,ENSMUSG00000042379,ENSMUSG00000042429,ENSMUSG00000042436,ENSMUSG00000042524,ENSMUSG00000042638,ENSMUSG00000044469,ENSMUSG00000044708,ENSMUSG00000046160,ENSMUSG00000046402,ENSMUSG00000047109,ENSMUSG00000048376,ENSMUSG00000049109,ENSMUSG00000049723,ENSMUSG00000051225,ENSMUSG00000053977,ENSMUSG00000054422,ENSMUSG00000055003,ENSMUSG00000058207,ENSMUSG00000058240,ENSMUSG00000058799,ENSMUSG00000060560,ENSMUSG00000060586,ENSMUSG00000061132,ENSMUSG00000061536,ENSMUSG00000061906,ENSMUSG00000062170,ENSMUSG00000062181,ENSMUSG00000062515,ENSMUSG00000062624,ENSMUSG00000063590,ENSMUSG00000063929,ENSMUSG00000064294,ENSMUSG00000066153,ENSMUSG00000066154,ENSMUSG00000068747,ENSMUSG00000068877,ENSMUSG00000069170,ENSMUSG00000069922,ENSMUSG00000072849,ENSMUSG00000073830,ENSMUSG00000076612,ENSMUSG00000076613,ENSMUSG00000076614,ENSMUSG00000076617,ENSMUSG00000078672,ENSMUSG00000078817,ENSMUSG00000078922,ENSMUSG00000095612,ENSMUSG00000096459,ENSMUSG00000097148"
"Down-regulated",TRUE,0.00962418371182657,10021,141,75,0.531914893617021,0.00748428300568806,"GO:0016020","GO:CC","membrane",25413,699,"GO:0110165","IEA,IEA,IDA ISS IEA,IDA IMP IEA,IDA IEA,IEA,IDA TAS IEA,ISS IEA,IDA IGI ISO IEA,IDA ISS IEA,ISS IEA,IEA,IEA,IDA TAS IEA,ISS ISO NAS IEA,ISO NAS IEA,IDA IEA,IDA IEA,IDA IEA,NAS,HDA ISS IEA,IEA,IEA,ISS TAS IEA,IEA,IDA IEA,IDA ISO IEA,IDA TAS NAS IEA,TAS IEA,IEA,ISS IEA,IDA,IEA,IEA,IEA,IDA IEA,IDA,ISO NAS IEA,IEA,ISS NAS IEA,TAS IEA,IDA ISS IEA,IDA IEA,ISO NAS IEA,HDA IEA,TAS IEA,IEA,IEA,IDA IEA,IDA,IDA IEA,ISO IEA,IDA IEA,IEA,IDA IC IEA,IDA IEA,ISS IEA,IDA ISO IEA,IEA,IEA,IEA,IEA,IEA,IEA,IEA,IEA,IEA,IDA IEA,IEA,IDA NAS IEA,IEA,IEA,IEA,IEA,IEA","ENSMUSG00000000159,ENSMUSG00000000303,ENSMUSG00000000915,ENSMUSG00000001763,ENSMUSG00000002033,ENSMUSG00000003355,ENSMUSG00000012428,ENSMUSG00000019082,ENSMUSG00000020122,ENSMUSG00000020681,ENSMUSG00000021338,ENSMUSG00000021594,ENSMUSG00000021903,ENSMUSG00000022032,ENSMUSG00000022149,ENSMUSG00000022181,ENSMUSG00000022215,ENSMUSG00000022620,ENSMUSG00000022762,ENSMUSG00000022889,ENSMUSG00000022890,ENSMUSG00000022964,ENSMUSG00000022965,ENSMUSG00000022971,ENSMUSG00000023033,ENSMUSG00000023073,ENSMUSG00000023274,ENSMUSG00000024411,ENSMUSG00000024665,ENSMUSG00000024672,ENSMUSG00000025270,ENSMUSG00000027965,ENSMUSG00000027983,ENSMUSG00000028538,ENSMUSG00000028860,ENSMUSG00000028982,ENSMUSG00000029417,ENSMUSG00000029656,ENSMUSG00000029822,ENSMUSG00000030004,ENSMUSG00000030364,ENSMUSG00000032482,ENSMUSG00000034220,ENSMUSG00000035031,ENSMUSG00000038092,ENSMUSG00000038754,ENSMUSG00000039956,ENSMUSG00000040412,ENSMUSG00000041293,ENSMUSG00000041567,ENSMUSG00000041698,ENSMUSG00000042429,ENSMUSG00000042524,ENSMUSG00000042638,ENSMUSG00000044708,ENSMUSG00000047109,ENSMUSG00000048376,ENSMUSG00000053977,ENSMUSG00000055003,ENSMUSG00000060586,ENSMUSG00000061132,ENSMUSG00000061536,ENSMUSG00000061906,ENSMUSG00000062170,ENSMUSG00000063590,ENSMUSG00000063929,ENSMUSG00000064294,ENSMUSG00000068747,ENSMUSG00000068877,ENSMUSG00000069170,ENSMUSG00000076612,ENSMUSG00000076613,ENSMUSG00000076614,ENSMUSG00000076617,ENSMUSG00000078922"
"Down-regulated",TRUE,0.0156269360481295,863,141,13,0.0921985815602837,0.015063731170336,"GO:0005768","GO:CC","endosome",25413,323,"GO:0012505;GO:0031410","IEA,IDA IEA,ISS IEA,IEA,ISS IEA,IEA,IEA,IEA,IEA,IEA,IEA,ISS IEA,IEA","ENSMUSG00000000303,ENSMUSG00000012428,ENSMUSG00000020122,ENSMUSG00000020681,ENSMUSG00000021338,ENSMUSG00000022620,ENSMUSG00000024411,ENSMUSG00000034220,ENSMUSG00000040412,ENSMUSG00000042524,ENSMUSG00000048376,ENSMUSG00000058240,ENSMUSG00000068747"
"Down-regulated",TRUE,0.0159819795719013,37,141,3,0.0212765957446809,0.0810810810810811,"GO:0140151","GO:CC","solid phase of interstitial matrix",25413,3472,"GO:0005614;GO:0030312","IDA IMP ISO IEA,IDA IEA,IEA","ENSMUSG00000001506,ENSMUSG00000026043,ENSMUSG00000042436"
"Down-regulated",TRUE,0.0212122221364462,11,141,2,0.0141843971631206,0.181818181818182,"GO:0098643","GO:CC","fibrillar collagen complex",25413,3157,"GO:0098644;GO:0140152","IDA IMP ISO IEA,IDA IEA","ENSMUSG00000001506,ENSMUSG00000026043"
"Down-regulated",TRUE,0.0212122221364462,11,141,2,0.0141843971631206,0.181818181818182,"GO:0005583","GO:CC","fibrillar collagen trimer",25413,199,"GO:0005581;GO:0098643","IDA IMP ISO IEA,IDA IEA","ENSMUSG00000001506,ENSMUSG00000026043"
"Down-regulated",TRUE,0.0272196144085842,6371,141,51,0.361702127659574,0.00800502275937843,"GO:0071944","GO:CC","cell periphery",25413,2724,"GO:0110165","IEA,IDA ISS IEA,IDA IMP ISO IEA,IDA IEA,IDA IEA,IDA TAS IEA,IDA IGI ISO IEA,IDA ISS IEA,ISS IEA,IDA TAS IEA,ISS ISO NAS IEA,ISO NAS IEA,IDA IEA,IDA IEA,IEA,ISS IEA,IEA,IEA,IDA,IDA ISO IEA,IDA TAS IEA,IDA IEA,IDA IEA,IDA,IEA,IDA,ISO NAS IEA,IEA,TAS IEA,IDA IEA,IDA IEA,ISO NAS IEA,IDA,IEA,IEA,IDA IEA,IDA,IDA IEA,IEA,ISO IEA,IEA,IEA,IDA IC IEA,IDA IEA,ISS IEA,IEA,IDA ISO IEA,IEA,IEA,IDA IEA,IDA IEA","ENSMUSG00000000303,ENSMUSG00000000915,ENSMUSG00000001506,ENSMUSG00000001763,ENSMUSG00000002033,ENSMUSG00000012428,ENSMUSG00000020122,ENSMUSG00000020681,ENSMUSG00000021338,ENSMUSG00000022032,ENSMUSG00000022149,ENSMUSG00000022181,ENSMUSG00000022620,ENSMUSG00000022762,ENSMUSG00000022965,ENSMUSG00000022971,ENSMUSG00000023033,ENSMUSG00000023057,ENSMUSG00000023073,ENSMUSG00000023274,ENSMUSG00000024411,ENSMUSG00000024421,ENSMUSG00000026043,ENSMUSG00000027965,ENSMUSG00000028860,ENSMUSG00000029417,ENSMUSG00000029656,ENSMUSG00000029822,ENSMUSG00000030364,ENSMUSG00000032482,ENSMUSG00000034220,ENSMUSG00000035031,ENSMUSG00000036040,ENSMUSG00000039956,ENSMUSG00000040412,ENSMUSG00000041293,ENSMUSG00000041567,ENSMUSG00000041698,ENSMUSG00000041782,ENSMUSG00000042429,ENSMUSG00000042436,ENSMUSG00000042638,ENSMUSG00000044708,ENSMUSG00000047109,ENSMUSG00000048376,ENSMUSG00000049723,ENSMUSG00000053977,ENSMUSG00000060586,ENSMUSG00000061132,ENSMUSG00000068747,ENSMUSG00000069170"
"Down-regulated",TRUE,0.0322359708675399,14,141,2,0.0141843971631206,0.142857142857143,"GO:0140152","GO:CC","collagenous component of interstitial matrix",25413,3473,"GO:0030312;GO:0140151","IDA IMP ISO IEA,IDA IEA","ENSMUSG00000001506,ENSMUSG00000026043"
"Down-regulated",TRUE,0.0334996611925727,51,141,3,0.0212765957446809,0.0588235294117647,"GO:0005614","GO:CC","interstitial matrix",25413,226,"GO:0031012","IDA IMP ISO IEA,IDA IEA,IEA","ENSMUSG00000001506,ENSMUSG00000026043,ENSMUSG00000042436"
"Down-regulated",TRUE,0.0482278906313892,1,141,1,0.00709219858156028,1,"GO:0071757","GO:CC","hexameric IgM immunoglobulin complex",25413,2706,"GO:0071754","IEA","ENSMUSG00000076617"
"Down-regulated",TRUE,0.0482278906313892,19,141,2,0.0141843971631206,0.105263157894737,"GO:0097449","GO:CC","astrocyte projection",25413,2937,"GO:0097386","IDA,IDA","ENSMUSG00000024411,ENSMUSG00000044708"
"Down-regulated",TRUE,0.0482278906313892,1,141,1,0.00709219858156028,1,"GO:0044218","GO:CC","other organism cell membrane",25413,1984,"GO:0044217","IEA","ENSMUSG00000022149"
"Down-regulated",TRUE,0.0482278906313892,19,141,2,0.0141843971631206,0.105263157894737,"GO:0034361","GO:CC","very-low-density lipoprotein particle",25413,1439,"GO:0034385","IEA,IEA","ENSMUSG00000032080,ENSMUSG00000032083"
"Down-regulated",TRUE,0.0482278906313892,20,141,2,0.0141843971631206,0.1,"GO:0098644","GO:CC","complex of collagen trimers",25413,3158,"GO:0031012;GO:0099080","IDA IMP ISO IEA,IDA IEA","ENSMUSG00000001506,ENSMUSG00000026043"
"Down-regulated",TRUE,0.0482278906313892,1,141,1,0.00709219858156028,1,"GO:0005586","GO:CC","collagen type III trimer",25413,202,"GO:0005583","IDA IEA","ENSMUSG00000026043"
"Down-regulated",TRUE,0.0482278906313892,1,141,1,0.00709219858156028,1,"GO:0097489","GO:CC","multivesicular body, internal vesicle lumen",25413,2958,"GO:0031983;GO:0097487;GO:0160315","IEA","ENSMUSG00000020122"
"Down-regulated",TRUE,0.0482278906313892,1,141,1,0.00709219858156028,1,"GO:0160315","GO:CC","endosomal intralumenal vesicle lumen",25413,3618,"GO:0070013;GO:0160313","IEA","ENSMUSG00000020122"
"Down-regulated",TRUE,0.0482278906313892,19,141,2,0.0141843971631206,0.105263157894737,"GO:0034385","GO:CC","triglyceride-rich plasma lipoprotein particle",25413,1445,"GO:0034358","IEA,IEA","ENSMUSG00000032080,ENSMUSG00000032083"
"Down-regulated",TRUE,0.0482278906313892,1,141,1,0.00709219858156028,1,"GO:0031232","GO:CC","extrinsic component of external side of plasma membrane",25413,1035,"GO:0009897;GO:0019897","IEA","ENSMUSG00000022620"
"Down-regulated",TRUE,0.049280938646119,387,141,7,0.049645390070922,0.0180878552971576,"GO:0031252","GO:CC","cell leading edge",25413,1046,"GO:0110165","IEA,IEA,IEA,IDA ISS IEA,ISO IEA,IEA,IEA","ENSMUSG00000000303,ENSMUSG00000000915,ENSMUSG00000020122,ENSMUSG00000021338,ENSMUSG00000032735,ENSMUSG00000042429,ENSMUSG00000069170"
"Down-regulated",TRUE,0.049280938646119,129,141,4,0.0283687943262411,0.0310077519379845,"GO:0019814","GO:CC","immunoglobulin complex",25413,792,"GO:0032991","IDA,IEA,IEA,IEA","ENSMUSG00000076612,ENSMUSG00000076617,ENSMUSG00000095612,ENSMUSG00000096459"
"Down-regulated",TRUE,0.00767109935892001,11,133,3,0.0225563909774436,0.272727272727273,"GO:0036041","GO:MF","long-chain fatty acid binding",23512,4841,"GO:0005504","IEA,IEA,IDA","ENSMUSG00000023057,ENSMUSG00000028603,ENSMUSG00000062515"
"Down-regulated",TRUE,0.00767109935892001,111,133,6,0.0451127819548872,0.0540540540540541,"GO:0019838","GO:MF","growth factor binding",23512,3436,"GO:0005515","ISO IEA,IDA,IPI IEA,ISO IEA,IDA,IEA","ENSMUSG00000001506,ENSMUSG00000020122,ENSMUSG00000020427,ENSMUSG00000026043,ENSMUSG00000034220,ENSMUSG00000068747"
"Down-regulated",TRUE,0.00767109935892001,27,133,4,0.0300751879699248,0.148148148148148,"GO:0005504","GO:MF","fatty acid binding",23512,1451,"GO:0008289;GO:0033293","IEA,IEA,ISO IEA,IDA","ENSMUSG00000023057,ENSMUSG00000028603,ENSMUSG00000054422,ENSMUSG00000062515"
"Down-regulated",TRUE,0.00971493795669643,4,133,2,0.0150375939849624,0.5,"GO:0004904","GO:MF","interferon receptor activity",23512,1119,"GO:0004896","IEA,IDA ISS","ENSMUSG00000022965,ENSMUSG00000022971"
"Down-regulated",TRUE,0.00971493795669643,50,133,4,0.0300751879699248,0.08,"GO:0033293","GO:MF","monocarboxylic acid binding",23512,4232,"GO:0031406","IEA,IEA,ISO IEA,IDA","ENSMUSG00000023057,ENSMUSG00000028603,ENSMUSG00000054422,ENSMUSG00000062515"
"Down-regulated",TRUE,0.00971493795669643,4,133,2,0.0150375939849624,0.5,"GO:0060228","GO:MF","phosphatidylcholine-sterol O-acyltransferase activator activity",23512,7661,"GO:0008047","IEA,IEA","ENSMUSG00000032080,ENSMUSG00000032083"
"Down-regulated",TRUE,0.00971493795669643,742,133,14,0.105263157894737,0.0188679245283019,"GO:0016491","GO:MF","oxidoreductase activity",23512,2729,"GO:0003824","IDA IEA,IDA IMP IEA,IDA ISS IEA,IEA,IDA IEA,IDA ISS IEA,IEA,IEA,IEA,IEA,IEA,IDA ISS IEA,IEA,IEA","ENSMUSG00000012428,ENSMUSG00000016756,ENSMUSG00000018339,ENSMUSG00000021594,ENSMUSG00000024665,ENSMUSG00000027261,ENSMUSG00000027983,ENSMUSG00000038092,ENSMUSG00000058240,ENSMUSG00000062624,ENSMUSG00000063929,ENSMUSG00000064294,ENSMUSG00000068877,ENSMUSG00000097148"
"Down-regulated",TRUE,0.00971493795669643,6255,133,55,0.413533834586466,0.008792965627498,"GO:0036094","GO:MF","small molecule binding",23512,4848,"GO:0005488","IEA,IEA,IEA,IEA,IEA,ISS IEA,IEA,ISS IEA,IEA,IEA,ISS IEA,IEA,IEA,IEA,IEA,IEA,IEA,IEA,IEA,IEA,ISS IEA,IEA,IEA,IEA,IEA,IEA,IEA,IDA IEA,IEA,IEA,IEA,ISS IEA,IEA,IEA,IEA,IDA IGI ISS IEA,IEA,IEA,ISO IEA,IEA,IDA,IEA,IEA,IDA ISS IEA,IEA,IEA,IEA,NAS IEA,IEA,ISS IEA,IEA,IEA,IEA,IEA,IEA","ENSMUSG00000000303,ENSMUSG00000000915,ENSMUSG00000001506,ENSMUSG00000012428,ENSMUSG00000016756,ENSMUSG00000018339,ENSMUSG00000020122,ENSMUSG00000020681,ENSMUSG00000021594,ENSMUSG00000021903,ENSMUSG00000022620,ENSMUSG00000022889,ENSMUSG00000023057,ENSMUSG00000023067,ENSMUSG00000023274,ENSMUSG00000025014,ENSMUSG00000025270,ENSMUSG00000025613,ENSMUSG00000026043,ENSMUSG00000026348,ENSMUSG00000027261,ENSMUSG00000027983,ENSMUSG00000028603,ENSMUSG00000029752,ENSMUSG00000029822,ENSMUSG00000030137,ENSMUSG00000031465,ENSMUSG00000031767,ENSMUSG00000032080,ENSMUSG00000032083,ENSMUSG00000032735,ENSMUSG00000034220,ENSMUSG00000042429,ENSMUSG00000042638,ENSMUSG00000044708,ENSMUSG00000046402,ENSMUSG00000049723,ENSMUSG00000053414,ENSMUSG00000054422,ENSMUSG00000056131,ENSMUSG00000062515,ENSMUSG00000062624,ENSMUSG00000063929,ENSMUSG00000064294,ENSMUSG00000066153,ENSMUSG00000066154,ENSMUSG00000068877,ENSMUSG00000069170,ENSMUSG00000073830,ENSMUSG00000074240,ENSMUSG00000076617,ENSMUSG00000078672,ENSMUSG00000078817,ENSMUSG00000078922,ENSMUSG00000097148"
"Down-regulated",TRUE,0.00971493795669643,139,133,6,0.0451127819548872,0.0431654676258993,"GO:0005319","GO:MF","lipid transporter activity",23512,1379,"GO:0005215","IEA,ISS,IEA,IEA,IDA IMP IEA,IDA","ENSMUSG00000023057,ENSMUSG00000028603,ENSMUSG00000029822,ENSMUSG00000032080,ENSMUSG00000032083,ENSMUSG00000062515"
"Down-regulated",TRUE,0.00971493795669643,1071,133,17,0.12781954887218,0.0158730158730159,"GO:0005102","GO:MF","signaling receptor binding",23512,1242,"GO:0005515","IEA,IEA,IEA,IEA,IPI IEA,IEA,IDA IPI,ISS IEA,IPI,TAS IEA,IEA,IDA ISS IEA,IEA,IEA,IEA,IPI,IEA","ENSMUSG00000020681,ENSMUSG00000023274,ENSMUSG00000024421,ENSMUSG00000026043,ENSMUSG00000027596,ENSMUSG00000028603,ENSMUSG00000029254,ENSMUSG00000029417,ENSMUSG00000030364,ENSMUSG00000031465,ENSMUSG00000032083,ENSMUSG00000035042,ENSMUSG00000042379,ENSMUSG00000042429,ENSMUSG00000048376,ENSMUSG00000062515,ENSMUSG00000076617"
"Down-regulated",TRUE,0.00971493795669643,93,133,5,0.037593984962406,0.0537634408602151,"GO:1990782","GO:MF","protein tyrosine kinase binding",23512,10056,"GO:0019901","IEA,IEA,IDA IPI,IEA,IEA","ENSMUSG00000000303,ENSMUSG00000023274,ENSMUSG00000029254,ENSMUSG00000031465,ENSMUSG00000061132"
"Down-regulated",TRUE,0.0118591613048239,22,133,3,0.0225563909774436,0.136363636363636,"GO:0120020","GO:MF","cholesterol transfer activity",23512,9043,"GO:0120015","ISS,IEA,IDA IEA","ENSMUSG00000028603,ENSMUSG00000032080,ENSMUSG00000032083"
"Down-regulated",TRUE,0.0125369894720429,23,133,3,0.0225563909774436,0.130434782608696,"GO:0120015","GO:MF","sterol transfer activity",23512,9039,"GO:0120013","ISS,IEA,IDA IEA","ENSMUSG00000028603,ENSMUSG00000032080,ENSMUSG00000032083"
"Down-regulated",TRUE,0.0176787845093884,6,133,2,0.0150375939849624,0.333333333333333,"GO:0016623","GO:MF","oxidoreductase activity, acting on the aldehyde or oxo group of donors, oxygen as acceptor",23512,2769,"GO:0016903","IEA,IDA ISS IEA","ENSMUSG00000027261,ENSMUSG00000064294"
"Down-regulated",TRUE,0.0176787845093884,6,133,2,0.0150375939849624,0.333333333333333,"GO:0010945","GO:MF","coenzyme A diphosphatase activity",23512,2205,"GO:0016462","IEA,IDA TAS IEA","ENSMUSG00000022215,ENSMUSG00000031767"
"Down-regulated",TRUE,0.0249290146078486,124,133,5,0.037593984962406,0.0403225806451613,"GO:0005201","GO:MF","extracellular matrix structural constituent",23512,1315,"GO:0005198","IDA RCA IEA,RCA,RCA IEA,RCA,RCA","ENSMUSG00000001506,ENSMUSG00000024421,ENSMUSG00000026043,ENSMUSG00000026574,ENSMUSG00000042436"
"Down-regulated",TRUE,0.0259232844367078,75,133,4,0.0300751879699248,0.0533333333333333,"GO:0043178","GO:MF","alcohol binding",23512,5162,"GO:0036094","IEA,IEA,IEA,IDA IGI ISS IEA","ENSMUSG00000028603,ENSMUSG00000029822,ENSMUSG00000032083,ENSMUSG00000046402"
"Down-regulated",TRUE,0.0259232844367078,8,133,2,0.0150375939849624,0.25,"GO:0008430","GO:MF","selenium binding",23512,1669,"GO:0036094","ISS IEA,IEA","ENSMUSG00000018339,ENSMUSG00000068877"
"Down-regulated",TRUE,0.0259232844367078,719,133,12,0.0902255639097744,0.0166898470097357,"GO:0008289","GO:MF","lipid binding",23512,1606,"GO:0005488","ISS IEA,IDA,IEA,IEA,IEA,IEA,IDA IEA,IDA IGI ISS TAS IEA,ISO IEA,IEA,IDA IEA,IEA","ENSMUSG00000000915,ENSMUSG00000022215,ENSMUSG00000023057,ENSMUSG00000028603,ENSMUSG00000029822,ENSMUSG00000032080,ENSMUSG00000032083,ENSMUSG00000046402,ENSMUSG00000054422,ENSMUSG00000061132,ENSMUSG00000062515,ENSMUSG00000076617"
"Down-regulated",TRUE,0.0263116807881046,34,133,3,0.0225563909774436,0.0882352941176471,"GO:0030296","GO:MF","protein tyrosine kinase activator activity",23512,3605,"GO:0030295","IEA,IEA,ISS IEA","ENSMUSG00000020122,ENSMUSG00000029254,ENSMUSG00000035042"
"Down-regulated",TRUE,0.0286084228587159,9,133,2,0.0150375939849624,0.222222222222222,"GO:0032795","GO:MF","heterotrimeric G-protein binding",23512,4186,"GO:0044877","IEA,TAS","ENSMUSG00000042429,ENSMUSG00000048376"
"Down-regulated",TRUE,0.0286084228587159,9,133,2,0.0150375939849624,0.222222222222222,"GO:0048019","GO:MF","receptor antagonist activity",23512,6617,"GO:0030547","TAS,ISS IEA","ENSMUSG00000031465,ENSMUSG00000035042"
"Down-regulated",TRUE,0.0357762810180029,15131,133,102,0.766917293233083,0.00674112748661688,"GO:0005488","GO:MF","binding",23512,1443,"GO:0003674","IEA,IDA IPI ISS IEA,IPI ISO IEA,IPI IEA,IPI ISS IEA,IEA,IEA,ISS IEA,IDA IPI ISS IEA,IDA IPI IEA,IPI ISS IEA,IMP IEA,IEA,IEA,IPI,IEA,IEA,IDA,ISS IEA,IEA,IEA,IEA,IEA,IEA,IEA,IDA IPI IEA,IPI ISS IEA,IEA,IPI,IEA,IEA,IEA,IPI IEA,IPI ISO IEA,IEA,ISS IEA,IPI IEA,IPI,IEA,IPI IEA,IEA,IDA IPI IEA,ISS IEA,IEA,IEA,IPI IEA,IEA,IEA,IPI ISS IEA,IPI TAS IEA,IEA,IDA IEA,IEA,IDA IPI ISS IEA,IEA,IDA ISS IEA,IEA,IDA ISS IEA,IPI,IDA,IDA IPI IEA,IPI,IPI,IEA,IEA,IPI IEA,IPI IEA,IEA,IPI IEA,IPI IEA,IPI IEA,IDA IGI ISS TAS IEA,IPI ISS,IDA TAS IEA,IPI,IEA,ISS IEA,IEA,IPI,IDA ISO IEA,IEA,IEA,IEA,IPI,IPI IEA,IDA IPI IEA,IEA,IEA,IDA ISS IEA,IEA,IEA,IPI IEA,IEA,IDA IPI NAS IEA,IEA,ISS IEA,IDA,IEA,IDA IEA,IPI IEA,IEA,IEA","ENSMUSG00000000303,ENSMUSG00000000915,ENSMUSG00000001506,ENSMUSG00000001763,ENSMUSG00000002033,ENSMUSG00000012428,ENSMUSG00000016756,ENSMUSG00000018339,ENSMUSG00000020122,ENSMUSG00000020427,ENSMUSG00000020681,ENSMUSG00000021338,ENSMUSG00000021594,ENSMUSG00000021903,ENSMUSG00000022032,ENSMUSG00000022149,ENSMUSG00000022181,ENSMUSG00000022215,ENSMUSG00000022620,ENSMUSG00000022762,ENSMUSG00000022889,ENSMUSG00000022965,ENSMUSG00000022971,ENSMUSG00000023033,ENSMUSG00000023057,ENSMUSG00000023067,ENSMUSG00000023274,ENSMUSG00000024029,ENSMUSG00000024411,ENSMUSG00000024421,ENSMUSG00000025014,ENSMUSG00000025270,ENSMUSG00000025613,ENSMUSG00000026043,ENSMUSG00000026348,ENSMUSG00000027261,ENSMUSG00000027596,ENSMUSG00000027965,ENSMUSG00000027983,ENSMUSG00000028603,ENSMUSG00000028860,ENSMUSG00000029254,ENSMUSG00000029417,ENSMUSG00000029656,ENSMUSG00000029752,ENSMUSG00000029771,ENSMUSG00000029822,ENSMUSG00000030137,ENSMUSG00000030364,ENSMUSG00000031465,ENSMUSG00000031645,ENSMUSG00000031767,ENSMUSG00000032080,ENSMUSG00000032083,ENSMUSG00000032735,ENSMUSG00000034220,ENSMUSG00000035031,ENSMUSG00000035042,ENSMUSG00000036040,ENSMUSG00000038375,ENSMUSG00000040681,ENSMUSG00000041293,ENSMUSG00000041567,ENSMUSG00000041698,ENSMUSG00000042379,ENSMUSG00000042429,ENSMUSG00000042524,ENSMUSG00000042638,ENSMUSG00000044469,ENSMUSG00000044708,ENSMUSG00000046160,ENSMUSG00000046402,ENSMUSG00000047109,ENSMUSG00000048376,ENSMUSG00000049109,ENSMUSG00000049723,ENSMUSG00000051225,ENSMUSG00000053414,ENSMUSG00000053977,ENSMUSG00000054422,ENSMUSG00000055003,ENSMUSG00000056131,ENSMUSG00000058240,ENSMUSG00000058799,ENSMUSG00000061132,ENSMUSG00000062515,ENSMUSG00000062624,ENSMUSG00000063929,ENSMUSG00000064294,ENSMUSG00000066153,ENSMUSG00000066154,ENSMUSG00000068747,ENSMUSG00000068877,ENSMUSG00000069170,ENSMUSG00000073830,ENSMUSG00000074240,ENSMUSG00000076612,ENSMUSG00000076617,ENSMUSG00000078672,ENSMUSG00000078817,ENSMUSG00000078922,ENSMUSG00000097148"
"Down-regulated",TRUE,0.0357762810180029,998,133,14,0.105263157894737,0.0140280561122244,"GO:0044877","GO:MF","protein-containing complex binding",23512,5458,"GO:0005488","IDA IEA,IEA,IMP IEA,IEA,ISS IEA,IEA,IEA,IDA,IEA,IEA,IEA,TAS,IEA,IEA","ENSMUSG00000000915,ENSMUSG00000020122,ENSMUSG00000021338,ENSMUSG00000023067,ENSMUSG00000023274,ENSMUSG00000026043,ENSMUSG00000029656,ENSMUSG00000032083,ENSMUSG00000040681,ENSMUSG00000042379,ENSMUSG00000042429,ENSMUSG00000048376,ENSMUSG00000049723,ENSMUSG00000068747"
"Down-regulated",TRUE,0.0357762810180029,1112,133,15,0.112781954887218,0.0134892086330935,"GO:0005215","GO:MF","transporter activity",23512,1319,"GO:0003674","ISS IEA,IEA,IEA,IEA,IEA,IDA IEA,ISS,ISS IEA,IEA,IEA,IDA IMP IEA,IEA,IDA IMP ISO IEA,IDA,IEA","ENSMUSG00000019082,ENSMUSG00000022890,ENSMUSG00000023033,ENSMUSG00000023057,ENSMUSG00000023073,ENSMUSG00000024411,ENSMUSG00000028603,ENSMUSG00000028982,ENSMUSG00000029822,ENSMUSG00000032080,ENSMUSG00000032083,ENSMUSG00000041698,ENSMUSG00000044708,ENSMUSG00000062515,ENSMUSG00000063590"
"Down-regulated",TRUE,0.0367097507386417,11,133,2,0.0150375939849624,0.181818181818182,"GO:0070008","GO:MF","serine-type exopeptidase activity",23512,7857,"GO:0008236;GO:0008238","IEA,IEA","ENSMUSG00000020681,ENSMUSG00000031645"
"Down-regulated",TRUE,0.0387321059131427,43,133,3,0.0225563909774436,0.0697674418604651,"GO:0015485","GO:MF","cholesterol binding",23512,2495,"GO:0032934;GO:0043178","IEA,IEA,IEA","ENSMUSG00000028603,ENSMUSG00000029822,ENSMUSG00000032083"
"Down-regulated",TRUE,0.0393484919957529,12,133,2,0.0150375939849624,0.166666666666667,"GO:0048407","GO:MF","platelet-derived growth factor binding",23512,6643,"GO:0019838","ISO IEA,ISO IEA","ENSMUSG00000001506,ENSMUSG00000026043"
"Down-regulated",TRUE,0.0393484919957529,12,133,2,0.0150375939849624,0.166666666666667,"GO:0106435","GO:MF","carboxylesterase activity",23512,9025,"GO:0052689","IEA,IEA","ENSMUSG00000062181,ENSMUSG00000069922"
"Down-regulated",TRUE,0.044786412282501,13,133,2,0.0150375939849624,0.153846153846154,"GO:0005324","GO:MF","long-chain fatty acid transmembrane transporter activity",23512,1380,"GO:0015245","IEA,IDA","ENSMUSG00000023057,ENSMUSG00000062515"
"Down-regulated",TRUE,0.0461572885264516,49,133,3,0.0225563909774436,0.0612244897959184,"GO:0016903","GO:MF","oxidoreductase activity, acting on the aldehyde or oxo group of donors",23512,2982,"GO:0016491","IEA,IDA ISS IEA,IEA","ENSMUSG00000027261,ENSMUSG00000064294,ENSMUSG00000097148"
"Down-regulated",TRUE,0.0461572885264516,48,133,3,0.0225563909774436,0.0625,"GO:0120013","GO:MF","lipid transfer activity",23512,9037,"GO:0005319","ISS,IEA,IDA IEA","ENSMUSG00000028603,ENSMUSG00000032080,ENSMUSG00000032083"
"Down-regulated",TRUE,0.0461572885264516,614,133,10,0.075187969924812,0.0162866449511401,"GO:0019900","GO:MF","kinase binding",23512,3455,"GO:0019899","IEA,IEA,IEA,IEA,IEA,IDA IPI IEA,IPI IEA,IEA,ISS IEA,IEA","ENSMUSG00000000303,ENSMUSG00000020122,ENSMUSG00000020681,ENSMUSG00000023067,ENSMUSG00000023274,ENSMUSG00000029254,ENSMUSG00000029771,ENSMUSG00000031465,ENSMUSG00000051225,ENSMUSG00000061132"
"Down-regulated",TRUE,0.000716967880415214,89,80,7,0.0875,0.0786516853932584,"KEGG:03320","KEGG","PPAR signaling pathway",10539,243,"KEGG:00000","KEGG,KEGG,KEGG,KEGG,KEGG,KEGG,KEGG","ENSMUSG00000023057,ENSMUSG00000024665,ENSMUSG00000028603,ENSMUSG00000032083,ENSMUSG00000054422,ENSMUSG00000062515,ENSMUSG00000063929"
"Down-regulated",TRUE,0.000716967880415214,94,80,7,0.0875,0.074468085106383,"KEGG:04610","KEGG","Complement and coagulation cascades",10539,333,"KEGG:00000","KEGG,KEGG,KEGG,KEGG,KEGG,KEGG,KEGG","ENSMUSG00000022149,ENSMUSG00000022181,ENSMUSG00000029656,ENSMUSG00000031645,ENSMUSG00000035031,ENSMUSG00000048376,ENSMUSG00000072849"
"Down-regulated",TRUE,0.0110923990906413,107,80,6,0.075,0.0560747663551402,"KEGG:05146","KEGG","Amoebiasis",10539,454,"KEGG:00000","KEGG,KEGG,KEGG,KEGG,KEGG,KEGG","ENSMUSG00000001506,ENSMUSG00000022149,ENSMUSG00000024421,ENSMUSG00000026043,ENSMUSG00000029656,ENSMUSG00000035031"
"Down-regulated",TRUE,0.0162306535033506,43,80,4,0.05,0.0930232558139535,"KEGG:04975","KEGG","Fat digestion and absorption",10539,420,"KEGG:00000","KEGG,KEGG,KEGG,KEGG","ENSMUSG00000023057,ENSMUSG00000032080,ENSMUSG00000032083,ENSMUSG00000054422"
"Down-regulated",TRUE,0.0255971515352928,93,80,5,0.0625,0.0537634408602151,"KEGG:04640","KEGG","Hematopoietic cell lineage",10539,346,"KEGG:00000","KEGG,KEGG,KEGG,KEGG,KEGG","ENSMUSG00000002033,ENSMUSG00000023274,ENSMUSG00000025014,ENSMUSG00000053977,ENSMUSG00000060586"
"Down-regulated",TRUE,0.0255971515352928,58,80,4,0.05,0.0689655172413793,"KEGG:05213","KEGG","Endometrial cancer",10539,480,"KEGG:00000","KEGG,KEGG,KEGG,KEGG","ENSMUSG00000000303,ENSMUSG00000020122,ENSMUSG00000021453,ENSMUSG00000023067"
"Down-regulated",TRUE,0.0255971515352928,1646,80,24,0.3,0.0145808019441069,"KEGG:01100","KEGG","Metabolic pathways",10539,184,"KEGG:00000","KEGG,KEGG,KEGG,KEGG,KEGG,KEGG,KEGG,KEGG,KEGG,KEGG,KEGG,KEGG,KEGG,KEGG,KEGG,KEGG,KEGG,KEGG,KEGG,KEGG,KEGG,KEGG,KEGG,KEGG","ENSMUSG00000016756,ENSMUSG00000018339,ENSMUSG00000021594,ENSMUSG00000021903,ENSMUSG00000022620,ENSMUSG00000022890,ENSMUSG00000024665,ENSMUSG00000025270,ENSMUSG00000026348,ENSMUSG00000027261,ENSMUSG00000027983,ENSMUSG00000028538,ENSMUSG00000028603,ENSMUSG00000029752,ENSMUSG00000030004,ENSMUSG00000038092,ENSMUSG00000038754,ENSMUSG00000042638,ENSMUSG00000056131,ENSMUSG00000061906,ENSMUSG00000062624,ENSMUSG00000063929,ENSMUSG00000064294,ENSMUSG00000068877"
"Down-regulated",TRUE,0.0255971515352928,267,80,8,0.1,0.0299625468164794,"KEGG:05020","KEGG","Prion disease",10539,432,"KEGG:00000","KEGG,KEGG,KEGG,KEGG,KEGG,KEGG,KEGG,KEGG","ENSMUSG00000022149,ENSMUSG00000022181,ENSMUSG00000022762,ENSMUSG00000022890,ENSMUSG00000029656,ENSMUSG00000030137,ENSMUSG00000035031,ENSMUSG00000035042"
"Down-regulated",TRUE,0.041663412829985,72,80,4,0.05,0.0555555555555556,"KEGG:05218","KEGG","Melanoma",10539,485,"KEGG:00000","KEGG,KEGG,KEGG,KEGG","ENSMUSG00000000303,ENSMUSG00000020122,ENSMUSG00000021453,ENSMUSG00000023067"
"Down-regulated",TRUE,0.041663412829985,34,80,3,0.0375,0.0882352941176471,"KEGG:01040","KEGG","Biosynthesis of unsaturated fatty acids",10539,167,"KEGG:00000","KEGG,KEGG,KEGG","ENSMUSG00000024665,ENSMUSG00000028603,ENSMUSG00000038754"
"Down-regulated",TRUE,0.041663412829985,175,80,6,0.075,0.0342857142857143,"KEGG:04514","KEGG","Cell adhesion molecule (CAM) interaction",10539,325,"KEGG:00000","KEGG,KEGG,KEGG,KEGG,KEGG,KEGG","ENSMUSG00000000303,ENSMUSG00000022762,ENSMUSG00000023274,ENSMUSG00000047109,ENSMUSG00000053977,ENSMUSG00000060586"
"Down-regulated",TRUE,0.0447373474108537,37,80,3,0.0375,0.0810810810810811,"KEGG:05216","KEGG","Thyroid cancer",10539,483,"KEGG:00000","KEGG,KEGG,KEGG","ENSMUSG00000000303,ENSMUSG00000021453,ENSMUSG00000023067"
"Down-regulated",TRUE,0.0447373474108537,36,80,3,0.0375,0.0833333333333333,"KEGG:05340","KEGG","Primary immunodeficiency",10539,504,"KEGG:00000","KEGG,KEGG,KEGG","ENSMUSG00000023274,ENSMUSG00000053977,ENSMUSG00000061132"
"Down-regulated",TRUE,0.00011421413879047,8,72,4,0.0555555555555556,0.5,"REAC:R-MMU-166665","REAC","Terminal pathway of complement",8514,1649,"REAC:R-MMU-166658","REAC,REAC,REAC,REAC","ENSMUSG00000022149,ENSMUSG00000022181,ENSMUSG00000029656,ENSMUSG00000035031"
"Down-regulated",TRUE,0.00811206074696766,13,72,3,0.0416666666666667,0.230769230769231,"REAC:R-MMU-2046106","REAC","alpha-linolenic acid (ALA) metabolism",8514,1787,"REAC:R-MMU-2046104","REAC,REAC,REAC","ENSMUSG00000024665,ENSMUSG00000028603,ENSMUSG00000038754"
"Down-regulated",TRUE,0.00811206074696766,592,72,15,0.208333333333333,0.0253378378378378,"REAC:R-MMU-556833","REAC","Metabolism of lipids",8514,865,"REAC:R-MMU-1430728","REAC,REAC,REAC,REAC,REAC,REAC,REAC,REAC,REAC,REAC,REAC,REAC,REAC,REAC,REAC","ENSMUSG00000022215,ENSMUSG00000022620,ENSMUSG00000023057,ENSMUSG00000023073,ENSMUSG00000024665,ENSMUSG00000027983,ENSMUSG00000028538,ENSMUSG00000028603,ENSMUSG00000029822,ENSMUSG00000038092,ENSMUSG00000038754,ENSMUSG00000044469,ENSMUSG00000054422,ENSMUSG00000062515,ENSMUSG00000063929"
"Down-regulated",TRUE,0.00811206074696766,13,72,3,0.0416666666666667,0.230769230769231,"REAC:R-MMU-2046104","REAC","alpha-linolenic (omega3) and linoleic (omega6) acid metabolism",8514,1786,"REAC:R-MMU-8978868","REAC,REAC,REAC","ENSMUSG00000024665,ENSMUSG00000028603,ENSMUSG00000038754"
"Down-regulated",TRUE,0.00811206074696766,11,72,3,0.0416666666666667,0.272727272727273,"REAC:R-MMU-163560","REAC","Triglyceride catabolism",8514,1730,"REAC:R-MMU-8979227","REAC,REAC,REAC","ENSMUSG00000023057,ENSMUSG00000054422,ENSMUSG00000062515"
"Down-regulated",TRUE,0.00811206074696766,88,72,6,0.0833333333333333,0.0681818181818182,"REAC:R-MMU-977606","REAC","Regulation of Complement cascade",8514,1293,"REAC:R-MMU-166658","REAC,REAC,REAC,REAC,REAC,REAC","ENSMUSG00000022149,ENSMUSG00000022181,ENSMUSG00000029656,ENSMUSG00000035031,ENSMUSG00000076612,ENSMUSG00000095612"
"Down-regulated",TRUE,0.00811206074696766,97,72,6,0.0833333333333333,0.0618556701030928,"REAC:R-MMU-166658","REAC","Complement cascade",8514,323,"REAC:R-MMU-168249","REAC,REAC,REAC,REAC,REAC,REAC","ENSMUSG00000022149,ENSMUSG00000022181,ENSMUSG00000029656,ENSMUSG00000035031,ENSMUSG00000076612,ENSMUSG00000095612"
"Down-regulated",TRUE,0.0106679049265544,1740,72,28,0.388888888888889,0.0160919540229885,"REAC:R-MMU-1430728","REAC","Metabolism",8514,854,"REAC:0000000","REAC,REAC,REAC,REAC,REAC,REAC,REAC,REAC,REAC,REAC,REAC,REAC,REAC,REAC,REAC,REAC,REAC,REAC,REAC,REAC,REAC,REAC,REAC,REAC,REAC,REAC,REAC,REAC","ENSMUSG00000019082,ENSMUSG00000022215,ENSMUSG00000022620,ENSMUSG00000022890,ENSMUSG00000023057,ENSMUSG00000023073,ENSMUSG00000024665,ENSMUSG00000025270,ENSMUSG00000027261,ENSMUSG00000027983,ENSMUSG00000028538,ENSMUSG00000028603,ENSMUSG00000029752,ENSMUSG00000029822,ENSMUSG00000032080,ENSMUSG00000032083,ENSMUSG00000032482,ENSMUSG00000034220,ENSMUSG00000038092,ENSMUSG00000038754,ENSMUSG00000044469,ENSMUSG00000046402,ENSMUSG00000054422,ENSMUSG00000061906,ENSMUSG00000062181,ENSMUSG00000062515,ENSMUSG00000063929,ENSMUSG00000069922"
"Down-regulated",TRUE,0.0135039401723081,40,72,4,0.0555555555555556,0.1,"REAC:R-MMU-975634","REAC","Retinoid metabolism and transport",8514,1376,"REAC:R-MMU-2187338;REAC:R-MMU-6806667","REAC,REAC,REAC,REAC","ENSMUSG00000032080,ENSMUSG00000032083,ENSMUSG00000034220,ENSMUSG00000046402"
"Down-regulated",TRUE,0.0175987569848974,44,72,4,0.0555555555555556,0.0909090909090909,"REAC:R-MMU-6806667","REAC","Metabolism of fat-soluble vitamins",8514,861,"REAC:R-MMU-196854","REAC,REAC,REAC,REAC","ENSMUSG00000032080,ENSMUSG00000032083,ENSMUSG00000034220,ENSMUSG00000046402"
"Down-regulated",TRUE,0.0294376392012399,23,72,3,0.0416666666666667,0.130434782608696,"REAC:R-MMU-8979227","REAC","Triglyceride metabolism",8514,1731,"REAC:R-MMU-556833","REAC,REAC,REAC","ENSMUSG00000023057,ENSMUSG00000054422,ENSMUSG00000062515"
"Up-regulated",TRUE,1.5351139075066e-23,1549,100,44,0.44,0.0284054228534538,"GO:0044281","GO:BP","small molecule metabolic process",24936,10246,"GO:0008152","IMP TAS IEA,IDA IMP IEA,IMP ISS IEA,IDA TAS IEA,IDA ISS IEA,ISS IEA,IMP,IDA,IDA IEA,IMP ISS IC IEA,ISS IEA,IEA,IDA ISS IEA,IC,IDA IEA,IEA,IDA IEA,IDA IMP,IDA IEA,IEA,ISS IEA,IEA,IDA IEA,ISS IEA,IEA,ISS IEA,ISS IEA,ISS IEA,IEA,IEA,IDA ISO IEA,IMP IGI IEA,IDA ISS IEA,IMP IEA,IDA IEA,IDA IEA,IMP,IEA,IDA IEA,IDA,IDA TAS IEA,ISS,IDA IEA,IDA IMP IGI IEA","ENSMUSG00000002588,ENSMUSG00000005373,ENSMUSG00000006494,ENSMUSG00000011148,ENSMUSG00000015090,ENSMUSG00000017146,ENSMUSG00000017754,ENSMUSG00000020010,ENSMUSG00000020532,ENSMUSG00000020534,ENSMUSG00000020917,ENSMUSG00000021094,ENSMUSG00000021259,ENSMUSG00000021416,ENSMUSG00000023045,ENSMUSG00000023832,ENSMUSG00000023963,ENSMUSG00000024899,ENSMUSG00000025003,ENSMUSG00000026307,ENSMUSG00000026688,ENSMUSG00000027358,ENSMUSG00000027605,ENSMUSG00000027820,ENSMUSG00000027952,ENSMUSG00000030541,ENSMUSG00000030762,ENSMUSG00000032418,ENSMUSG00000033105,ENSMUSG00000037370,ENSMUSG00000039450,ENSMUSG00000040181,ENSMUSG00000041220,ENSMUSG00000042010,ENSMUSG00000042248,ENSMUSG00000044254,ENSMUSG00000044350,ENSMUSG00000052131,ENSMUSG00000054827,ENSMUSG00000056148,ENSMUSG00000056973,ENSMUSG00000057074,ENSMUSG00000069456,ENSMUSG00000074207"
"Up-regulated",TRUE,7.00850586372769e-23,1266,100,40,0.4,0.0315955766192733,"GO:0006629","GO:BP","lipid metabolic process",24936,2220,"GO:0044238","IMP TAS IEA,IEA,IMP IGI IEA,IMP,IDA ISS IEA,IEA,ISS IEA,IDA IMP IGI IEA,IMP,ISS IEA,IEA,IDA ISS IEA,IC,IDA IEA,IEA,IDA IEA,IMP ISS IEA,IDA IEA,ISS IEA,IEA,IEA,IEA,ISS IEA,ISS IEA,IGI,ISS IEA,IDA ISS IEA,IMP IEA,IDA IEA,IDA IEA,TAS IEA,ISA,IDA IEA,IDA,IDA IMP NAS IEA,IMP ISS IEA,IMP,IDA IEA,IMP IGI IEA,ISS IEA","ENSMUSG00000002588,ENSMUSG00000002847,ENSMUSG00000005373,ENSMUSG00000006494,ENSMUSG00000015090,ENSMUSG00000016194,ENSMUSG00000017146,ENSMUSG00000020532,ENSMUSG00000020669,ENSMUSG00000020917,ENSMUSG00000021094,ENSMUSG00000021259,ENSMUSG00000021416,ENSMUSG00000023045,ENSMUSG00000023832,ENSMUSG00000023963,ENSMUSG00000024130,ENSMUSG00000025003,ENSMUSG00000026688,ENSMUSG00000027358,ENSMUSG00000027605,ENSMUSG00000027952,ENSMUSG00000030762,ENSMUSG00000033105,ENSMUSG00000040181,ENSMUSG00000040938,ENSMUSG00000041220,ENSMUSG00000042010,ENSMUSG00000042248,ENSMUSG00000044254,ENSMUSG00000052131,ENSMUSG00000054757,ENSMUSG00000054827,ENSMUSG00000056148,ENSMUSG00000056973,ENSMUSG00000057074,ENSMUSG00000060807,ENSMUSG00000069456,ENSMUSG00000074207,ENSMUSG00000089960"
"Up-regulated",TRUE,5.41581358092974e-21,783,100,32,0.32,0.0408684546615581,"GO:0043436","GO:BP","oxoacid metabolic process",24936,10020,"GO:0006082","IEA,IDA IMP IEA,IMP,IDA ISS IEA,ISS IEA,IDA,IDA IEA,ISS IEA,ISS IEA,IC,IEA,IDA IEA,IDA IMP,IDA IEA,IEA,ISS IEA,IEA,ISS IEA,ISS IEA,IEA,IDA ISO,IGI,IDA ISS IEA,IMP IEA,IDA IEA,IEA,IDA IEA,IDA,IDA,ISS,IDA,IMP IGI","ENSMUSG00000002588,ENSMUSG00000005373,ENSMUSG00000006494,ENSMUSG00000015090,ENSMUSG00000017146,ENSMUSG00000020010,ENSMUSG00000020532,ENSMUSG00000020534,ENSMUSG00000020917,ENSMUSG00000021416,ENSMUSG00000023832,ENSMUSG00000023963,ENSMUSG00000024899,ENSMUSG00000025003,ENSMUSG00000026307,ENSMUSG00000026688,ENSMUSG00000027605,ENSMUSG00000030541,ENSMUSG00000032418,ENSMUSG00000037370,ENSMUSG00000039450,ENSMUSG00000040181,ENSMUSG00000041220,ENSMUSG00000042010,ENSMUSG00000042248,ENSMUSG00000052131,ENSMUSG00000054827,ENSMUSG00000056148,ENSMUSG00000056973,ENSMUSG00000057074,ENSMUSG00000069456,ENSMUSG00000074207"
"Up-regulated",TRUE,5.41581358092974e-21,789,100,32,0.32,0.0405576679340938,"GO:0006082","GO:BP","organic acid metabolic process",24936,1846,"GO:0044281","IEA,IDA IMP IEA,IMP,IDA ISS IEA,ISS IEA,IDA,IDA IEA,ISS IEA,ISS IEA,IC,IEA,IDA IEA,IDA IMP,IDA IEA,IEA,ISS IEA,IEA,ISS IEA,ISS IEA,IEA,IDA ISO,IMP IGI IEA,IDA ISS IEA,IMP IEA,IDA IEA,IEA,IDA IEA,IDA,IDA,ISS,IDA,IMP IGI","ENSMUSG00000002588,ENSMUSG00000005373,ENSMUSG00000006494,ENSMUSG00000015090,ENSMUSG00000017146,ENSMUSG00000020010,ENSMUSG00000020532,ENSMUSG00000020534,ENSMUSG00000020917,ENSMUSG00000021416,ENSMUSG00000023832,ENSMUSG00000023963,ENSMUSG00000024899,ENSMUSG00000025003,ENSMUSG00000026307,ENSMUSG00000026688,ENSMUSG00000027605,ENSMUSG00000030541,ENSMUSG00000032418,ENSMUSG00000037370,ENSMUSG00000039450,ENSMUSG00000040181,ENSMUSG00000041220,ENSMUSG00000042010,ENSMUSG00000042248,ENSMUSG00000052131,ENSMUSG00000054827,ENSMUSG00000056148,ENSMUSG00000056973,ENSMUSG00000057074,ENSMUSG00000069456,ENSMUSG00000074207"
"Up-regulated",TRUE,4.35536393659311e-19,769,100,30,0.3,0.0390117035110533,"GO:0019752","GO:BP","carboxylic acid metabolic process",24936,5632,"GO:0043436","IEA,IDA IMP IEA,IMP,IDA ISS IEA,ISS IEA,IDA,IDA IEA,ISS IEA,ISS IEA,IC,IEA,IDA IEA,IDA IEA,IEA,ISS IEA,IEA,ISS IEA,ISS IEA,IDA ISO,IGI,IDA ISS IEA,IMP IEA,IDA IEA,IEA,IDA IEA,IDA,IDA,ISS,IDA,IMP IGI","ENSMUSG00000002588,ENSMUSG00000005373,ENSMUSG00000006494,ENSMUSG00000015090,ENSMUSG00000017146,ENSMUSG00000020010,ENSMUSG00000020532,ENSMUSG00000020534,ENSMUSG00000020917,ENSMUSG00000021416,ENSMUSG00000023832,ENSMUSG00000023963,ENSMUSG00000025003,ENSMUSG00000026307,ENSMUSG00000026688,ENSMUSG00000027605,ENSMUSG00000030541,ENSMUSG00000032418,ENSMUSG00000039450,ENSMUSG00000040181,ENSMUSG00000041220,ENSMUSG00000042010,ENSMUSG00000042248,ENSMUSG00000052131,ENSMUSG00000054827,ENSMUSG00000056148,ENSMUSG00000056973,ENSMUSG00000057074,ENSMUSG00000069456,ENSMUSG00000074207"
"Up-regulated",TRUE,2.45581988566677e-18,549,100,26,0.26,0.0473588342440801,"GO:0032787","GO:BP","monocarboxylic acid metabolic process",24936,7321,"GO:0019752","IDA IMP IEA,IMP,IDA ISS IEA,ISS IEA,IDA,IDA IEA,IEA,IC,IEA,IDA IEA,IDA IEA,ISS IEA,IEA,IEA,IDA ISO,IGI,IDA ISS IEA,IMP IEA,IDA IEA,IEA,IDA IEA,IDA,IDA,ISS,IDA,IMP IGI","ENSMUSG00000005373,ENSMUSG00000006494,ENSMUSG00000015090,ENSMUSG00000017146,ENSMUSG00000020010,ENSMUSG00000020532,ENSMUSG00000020917,ENSMUSG00000021416,ENSMUSG00000023832,ENSMUSG00000023963,ENSMUSG00000025003,ENSMUSG00000026688,ENSMUSG00000027605,ENSMUSG00000030541,ENSMUSG00000039450,ENSMUSG00000040181,ENSMUSG00000041220,ENSMUSG00000042010,ENSMUSG00000042248,ENSMUSG00000052131,ENSMUSG00000054827,ENSMUSG00000056148,ENSMUSG00000056973,ENSMUSG00000057074,ENSMUSG00000069456,ENSMUSG00000074207"
"Up-regulated",TRUE,1.32557303559937e-12,357,100,18,0.18,0.0504201680672269,"GO:0006631","GO:BP","fatty acid metabolic process",24936,2221,"GO:0006629;GO:0032787","IMP,IMP,IDA ISS IEA,ISS IEA,IDA IEA,IEA,IC,IEA,IDA IEA,ISS IEA,IEA,IGI,IDA ISS IEA,IMP IEA,IDA IEA,IEA,IDA IEA,IDA","ENSMUSG00000005373,ENSMUSG00000006494,ENSMUSG00000015090,ENSMUSG00000017146,ENSMUSG00000020532,ENSMUSG00000020917,ENSMUSG00000021416,ENSMUSG00000023832,ENSMUSG00000025003,ENSMUSG00000026688,ENSMUSG00000027605,ENSMUSG00000040181,ENSMUSG00000041220,ENSMUSG00000042010,ENSMUSG00000042248,ENSMUSG00000052131,ENSMUSG00000054827,ENSMUSG00000056973"
"Up-regulated",TRUE,2.43266902654762e-12,500,100,20,0.2,0.04,"GO:0044283","GO:BP","small molecule biosynthetic process",24936,10248,"GO:0009058;GO:0044281","IMP,IDA ISS IEA,ISS IEA,IMP,IDA IEA,IEA,IEA,IDA IEA,IEA,IEA,IEA,IEA,ISS IEA,IEA,IMP IEA,IDA ISS IEA,IMP IEA,IDA,ISS,IDA","ENSMUSG00000005373,ENSMUSG00000015090,ENSMUSG00000017146,ENSMUSG00000017754,ENSMUSG00000020532,ENSMUSG00000020534,ENSMUSG00000020917,ENSMUSG00000023963,ENSMUSG00000026688,ENSMUSG00000027358,ENSMUSG00000027605,ENSMUSG00000027952,ENSMUSG00000030762,ENSMUSG00000033105,ENSMUSG00000040181,ENSMUSG00000041220,ENSMUSG00000042010,ENSMUSG00000056148,ENSMUSG00000057074,ENSMUSG00000069456"
"Up-regulated",TRUE,2.0126833461528e-11,251,100,15,0.15,0.0597609561752988,"GO:0016053","GO:BP","organic acid biosynthetic process",24936,4843,"GO:0006082;GO:0044283","IMP,IDA ISS IEA,ISS IEA,IDA IEA,IEA,IEA,IDA IEA,IEA,IEA,IMP IEA,IDA ISS IEA,IMP IEA,IDA,ISS,IDA","ENSMUSG00000005373,ENSMUSG00000015090,ENSMUSG00000017146,ENSMUSG00000020532,ENSMUSG00000020534,ENSMUSG00000020917,ENSMUSG00000023963,ENSMUSG00000026688,ENSMUSG00000027605,ENSMUSG00000040181,ENSMUSG00000041220,ENSMUSG00000042010,ENSMUSG00000056148,ENSMUSG00000057074,ENSMUSG00000069456"
"Up-regulated",TRUE,7.61076709500694e-11,277,100,15,0.15,0.0541516245487365,"GO:0008202","GO:BP","steroid metabolic process",24936,2989,"GO:0006629","IMP TAS,IEA,IDA ISS IEA,IDA IEA,IDA IEA,IEA,IEA,ISS IEA,ISS IEA,IDA IEA,ISA,ISS,IMP,IDA IEA,ISS IEA","ENSMUSG00000002588,ENSMUSG00000016194,ENSMUSG00000021259,ENSMUSG00000023045,ENSMUSG00000023963,ENSMUSG00000027358,ENSMUSG00000027952,ENSMUSG00000030762,ENSMUSG00000033105,ENSMUSG00000044254,ENSMUSG00000054757,ENSMUSG00000057074,ENSMUSG00000060807,ENSMUSG00000069456,ENSMUSG00000089960"
"Up-regulated",TRUE,1.15613270343592e-10,287,100,15,0.15,0.0522648083623693,"GO:0006066","GO:BP","alcohol metabolic process",24936,1832,"GO:0044281","IMP TAS,IEA,IDA ISS IEA,IDA IEA,IDA IEA,IEA,IEA,ISS IEA,ISS IEA,IEA,IDA IEA,IEA,ISS,IEA,IDA IMP IGI","ENSMUSG00000002588,ENSMUSG00000021094,ENSMUSG00000021259,ENSMUSG00000023045,ENSMUSG00000023963,ENSMUSG00000027358,ENSMUSG00000027952,ENSMUSG00000030541,ENSMUSG00000030762,ENSMUSG00000033105,ENSMUSG00000044254,ENSMUSG00000056973,ENSMUSG00000057074,ENSMUSG00000069456,ENSMUSG00000074207"
"Up-regulated",TRUE,2.20732855368294e-10,247,100,14,0.14,0.0566801619433198,"GO:0046394","GO:BP","carboxylic acid biosynthetic process",24936,11314,"GO:0016053;GO:0019752","IMP,IDA ISS IEA,ISS IEA,IDA IEA,IEA,IEA,IDA IEA,IEA,IEA,IDA ISS IEA,IMP IEA,IDA,ISS,IDA","ENSMUSG00000005373,ENSMUSG00000015090,ENSMUSG00000017146,ENSMUSG00000020532,ENSMUSG00000020534,ENSMUSG00000020917,ENSMUSG00000023963,ENSMUSG00000026688,ENSMUSG00000027605,ENSMUSG00000041220,ENSMUSG00000042010,ENSMUSG00000056148,ENSMUSG00000057074,ENSMUSG00000069456"
"Up-regulated",TRUE,6.2030199174879e-10,610,100,19,0.19,0.0311475409836066,"GO:0008610","GO:BP","lipid biosynthetic process",24936,3066,"GO:0006629;GO:0009058","IMP IGI IEA,IDA ISS IEA,ISS IEA,IDA IMP IGI IEA,IMP,ISS IEA,IEA,IMP,IEA,IEA,IEA,ISS IEA,ISS IEA,IDA ISS IEA,IMP IEA,ISA,IDA,ISS,IDA","ENSMUSG00000005373,ENSMUSG00000015090,ENSMUSG00000017146,ENSMUSG00000020532,ENSMUSG00000020669,ENSMUSG00000020917,ENSMUSG00000023963,ENSMUSG00000024130,ENSMUSG00000027358,ENSMUSG00000027605,ENSMUSG00000027952,ENSMUSG00000030762,ENSMUSG00000033105,ENSMUSG00000041220,ENSMUSG00000042010,ENSMUSG00000054757,ENSMUSG00000056148,ENSMUSG00000057074,ENSMUSG00000069456"
"Up-regulated",TRUE,9.02755068436736e-10,224,100,13,0.13,0.0580357142857143,"GO:0006790","GO:BP","sulfur compound metabolic process",24936,2348,"GO:0008152","IDA,IMP,IDA IEA,ISS IEA,IDA IMP IEA,IDA,IEA,ISO,IEA,IMP IEA,IEA,IMP IEA,TAS","ENSMUSG00000001665,ENSMUSG00000006494,ENSMUSG00000020532,ENSMUSG00000020917,ENSMUSG00000024899,ENSMUSG00000027605,ENSMUSG00000027952,ENSMUSG00000033318,ENSMUSG00000037370,ENSMUSG00000040181,ENSMUSG00000041220,ENSMUSG00000042010,ENSMUSG00000056973"
"Up-regulated",TRUE,9.02755068436736e-10,176,100,12,0.12,0.0681818181818182,"GO:0072330","GO:BP","monocarboxylic acid biosynthetic process",24936,16180,"GO:0032787;GO:0046394","IMP,IDA ISS IEA,ISS IEA,IDA IEA,IEA,IDA IEA,IEA,IDA ISS IEA,IMP IEA,IDA,ISS,IDA","ENSMUSG00000005373,ENSMUSG00000015090,ENSMUSG00000017146,ENSMUSG00000020532,ENSMUSG00000020917,ENSMUSG00000023963,ENSMUSG00000027605,ENSMUSG00000041220,ENSMUSG00000042010,ENSMUSG00000056148,ENSMUSG00000057074,ENSMUSG00000069456"
"Up-regulated",TRUE,6.09909887615493e-09,118,100,10,0.1,0.0847457627118644,"GO:0120254","GO:BP","olefinic compound metabolic process",24936,18309,"GO:0008152","IEA,ISS IEA,IDA IEA,IEA,IEA,IDA IEA,IDA IEA,IEA,IEA,IMP IGI","ENSMUSG00000021094,ENSMUSG00000021259,ENSMUSG00000025003,ENSMUSG00000026688,ENSMUSG00000027358,ENSMUSG00000042248,ENSMUSG00000054827,ENSMUSG00000056973,ENSMUSG00000069456,ENSMUSG00000074207"
"Up-regulated",TRUE,1.62769992324605e-08,131,100,10,0.1,0.0763358778625954,"GO:1902652","GO:BP","secondary alcohol metabolic process",24936,20878,"GO:0006066","IMP TAS,IDA ISS IEA,IDA IEA,IDA IEA,IEA,ISS IEA,ISS IEA,IEA,IDA IEA,ISS","ENSMUSG00000002588,ENSMUSG00000021259,ENSMUSG00000023045,ENSMUSG00000023963,ENSMUSG00000027952,ENSMUSG00000030541,ENSMUSG00000030762,ENSMUSG00000033105,ENSMUSG00000044254,ENSMUSG00000057074"
"Up-regulated",TRUE,2.70472761425154e-08,514,100,16,0.16,0.0311284046692607,"GO:0072521","GO:BP","purine-containing compound metabolic process",24936,16245,"GO:0008152","IDA IMP IEA,IMP,IDA TAS IEA,IDA IEA,IEA,ISS IEA,IDA IMP IEA,IDA,IEA,IEA,IEA,IDA,IEA,IMP IEA,IMP,TAS","ENSMUSG00000005373,ENSMUSG00000006494,ENSMUSG00000011148,ENSMUSG00000020532,ENSMUSG00000020534,ENSMUSG00000020917,ENSMUSG00000024899,ENSMUSG00000027605,ENSMUSG00000027952,ENSMUSG00000032418,ENSMUSG00000037370,ENSMUSG00000039450,ENSMUSG00000041220,ENSMUSG00000042010,ENSMUSG00000044350,ENSMUSG00000056973"
"Up-regulated",TRUE,1.15204311263386e-07,951,100,20,0.2,0.0210304942166141,"GO:0019637","GO:BP","organophosphate metabolic process",24936,5565,"GO:0006793","IEA,IDA IMP IEA,IMP,IDA TAS IEA,IDA IEA,IMP,IMP,ISS IEA,IMP ISS IEA,IDA IMP,IDA,IEA,IEA,IEA,IDA ISO,IEA,IMP IEA,IDA,IMP,TAS","ENSMUSG00000002588,ENSMUSG00000005373,ENSMUSG00000006494,ENSMUSG00000011148,ENSMUSG00000020532,ENSMUSG00000020534,ENSMUSG00000020669,ENSMUSG00000020917,ENSMUSG00000024130,ENSMUSG00000024899,ENSMUSG00000027605,ENSMUSG00000027952,ENSMUSG00000032418,ENSMUSG00000037370,ENSMUSG00000039450,ENSMUSG00000041220,ENSMUSG00000042010,ENSMUSG00000044254,ENSMUSG00000044350,ENSMUSG00000056973"
"Up-regulated",TRUE,1.34147696004995e-07,81,100,8,0.08,0.0987654320987654,"GO:0006637","GO:BP","acyl-CoA metabolic process",24936,2226,"GO:0006753;GO:0006790;GO:0072521","IMP,IDA IEA,ISS IEA,IDA,IEA,IEA,IMP IEA,TAS","ENSMUSG00000006494,ENSMUSG00000020532,ENSMUSG00000020917,ENSMUSG00000027605,ENSMUSG00000027952,ENSMUSG00000041220,ENSMUSG00000042010,ENSMUSG00000056973"
"Up-regulated",TRUE,1.61910552063786e-07,588,100,16,0.16,0.0272108843537415,"GO:0006753","GO:BP","nucleoside phosphate metabolic process",24936,2324,"GO:0006796;GO:0019637;GO:0055086","IDA IMP IEA,IMP,IDA TAS IEA,IDA IEA,IMP,ISS IEA,IDA IMP,IDA,IEA,IEA,IEA,IDA,IEA,IMP IEA,IMP,TAS","ENSMUSG00000005373,ENSMUSG00000006494,ENSMUSG00000011148,ENSMUSG00000020532,ENSMUSG00000020534,ENSMUSG00000020917,ENSMUSG00000024899,ENSMUSG00000027605,ENSMUSG00000027952,ENSMUSG00000032418,ENSMUSG00000037370,ENSMUSG00000039450,ENSMUSG00000041220,ENSMUSG00000042010,ENSMUSG00000044350,ENSMUSG00000056973"
"Up-regulated",TRUE,1.63672568557048e-07,84,100,8,0.08,0.0952380952380952,"GO:0044272","GO:BP","sulfur compound biosynthetic process",24936,10242,"GO:0006790;GO:0009058","IMP,IEA,ISS IEA,IDA IMP,IDA,IMP IEA,IEA,IMP IEA","ENSMUSG00000006494,ENSMUSG00000020532,ENSMUSG00000020917,ENSMUSG00000024899,ENSMUSG00000027605,ENSMUSG00000040181,ENSMUSG00000041220,ENSMUSG00000042010"
"Up-regulated",TRUE,1.65326440269048e-07,124,100,9,0.09,0.0725806451612903,"GO:0008203","GO:BP","cholesterol metabolic process",24936,2990,"GO:0016125;GO:1902652","IMP TAS,IDA ISS IEA,IDA IEA,IDA IEA,IEA,ISS IEA,IEA,IDA IEA,ISS","ENSMUSG00000002588,ENSMUSG00000021259,ENSMUSG00000023045,ENSMUSG00000023963,ENSMUSG00000027952,ENSMUSG00000030762,ENSMUSG00000033105,ENSMUSG00000044254,ENSMUSG00000057074"
"Up-regulated",TRUE,2.16078760935089e-07,606,100,16,0.16,0.0264026402640264,"GO:0055086","GO:BP","nucleobase-containing small molecule metabolic process",24936,13262,"GO:0006139;GO:0044281","IDA IMP IEA,IMP,IDA TAS IEA,IDA IEA,IMP IEA,ISS IEA,IDA IMP,IDA,IEA,IEA,IEA,IDA,IEA,IMP IEA,IMP,TAS","ENSMUSG00000005373,ENSMUSG00000006494,ENSMUSG00000011148,ENSMUSG00000020532,ENSMUSG00000020534,ENSMUSG00000020917,ENSMUSG00000024899,ENSMUSG00000027605,ENSMUSG00000027952,ENSMUSG00000032418,ENSMUSG00000037370,ENSMUSG00000039450,ENSMUSG00000041220,ENSMUSG00000042010,ENSMUSG00000044350,ENSMUSG00000056973"
"Up-regulated",TRUE,2.16078760935089e-07,129,100,9,0.09,0.0697674418604651,"GO:0016125","GO:BP","sterol metabolic process",24936,4897,"GO:0008202","IMP TAS,IDA ISS IEA,IDA IEA,IDA IEA,IEA,ISS IEA,IEA,IDA IEA,ISS","ENSMUSG00000002588,ENSMUSG00000021259,ENSMUSG00000023045,ENSMUSG00000023963,ENSMUSG00000027952,ENSMUSG00000030762,ENSMUSG00000033105,ENSMUSG00000044254,ENSMUSG00000057074"
"Up-regulated",TRUE,2.94215526197992e-07,33,100,6,0.06,0.181818181818182,"GO:0071616","GO:BP","acyl-CoA biosynthetic process",24936,15659,"GO:0006637;GO:0044272;GO:0072522;GO:1901293","IMP,IEA,ISS IEA,IDA,IEA,IMP IEA","ENSMUSG00000006494,ENSMUSG00000020532,ENSMUSG00000020917,ENSMUSG00000027605,ENSMUSG00000041220,ENSMUSG00000042010"
"Up-regulated",TRUE,5.87042056595894e-07,37,100,6,0.06,0.162162162162162,"GO:0006084","GO:BP","acetyl-CoA metabolic process",24936,1848,"GO:0006637","IMP,IDA,ISS IEA,IDA,IEA,IEA","ENSMUSG00000006494,ENSMUSG00000020532,ENSMUSG00000020917,ENSMUSG00000027605,ENSMUSG00000027952,ENSMUSG00000042010"
"Up-regulated",TRUE,1.02207299689656e-06,211,100,10,0.1,0.04739336492891,"GO:0042445","GO:BP","hormone metabolic process",24936,9532,"GO:0008152;GO:0010817","IEA,ISS IEA,IEA,IMP IGI ISS ISO IEA,IDA IMP,IDA,IEA,IDA IEA,IMP IGI,ISS IEA","ENSMUSG00000021094,ENSMUSG00000021259,ENSMUSG00000027358,ENSMUSG00000027820,ENSMUSG00000028024,ENSMUSG00000056148,ENSMUSG00000056973,ENSMUSG00000069456,ENSMUSG00000074207,ENSMUSG00000089960"
"Up-regulated",TRUE,2.73847533529634e-06,235,100,10,0.1,0.0425531914893617,"GO:0015850","GO:BP","organic hydroxy compound transport",24936,4720,"GO:0006810","IEA,IEA,ISS IEA,IEA,ISS IEA,IMP,ISS ISO IEA,IEA,IEA,ISS","ENSMUSG00000002588,ENSMUSG00000017754,ENSMUSG00000020102,ENSMUSG00000023045,ENSMUSG00000024130,ENSMUSG00000027577,ENSMUSG00000032849,ENSMUSG00000042010,ENSMUSG00000044254,ENSMUSG00000057074"
"Up-regulated",TRUE,3.93211408845471e-06,86,100,7,0.07,0.0813953488372093,"GO:0033559","GO:BP","unsaturated fatty acid metabolic process",24936,7731,"GO:0006631","IDA ISS IEA,IDA IEA,ISS IEA,IEA,IDA IEA,IEA,IDA IEA","ENSMUSG00000015090,ENSMUSG00000025003,ENSMUSG00000026688,ENSMUSG00000041220,ENSMUSG00000042248,ENSMUSG00000052131,ENSMUSG00000054827"
"Up-regulated",TRUE,4.19078492159072e-06,132,100,8,0.08,0.0606060606060606,"GO:0006633","GO:BP","fatty acid biosynthetic process",24936,2222,"GO:0006631;GO:0008610;GO:0072330","IMP,IDA ISS IEA,ISS IEA,IDA IEA,IEA,IEA,IDA ISS IEA,IMP IEA","ENSMUSG00000005373,ENSMUSG00000015090,ENSMUSG00000017146,ENSMUSG00000020532,ENSMUSG00000020917,ENSMUSG00000027605,ENSMUSG00000041220,ENSMUSG00000042010"
"Up-regulated",TRUE,9.12664577668162e-06,98,100,7,0.07,0.0714285714285714,"GO:0006720","GO:BP","isoprenoid metabolic process",24936,2302,"GO:0006629","IEA,IEA,IEA,IDA,IEA,IDA IEA,IMP IGI","ENSMUSG00000021094,ENSMUSG00000027952,ENSMUSG00000033105,ENSMUSG00000056148,ENSMUSG00000056973,ENSMUSG00000069456,ENSMUSG00000074207"
"Up-regulated",TRUE,1.08093920300564e-05,521,100,13,0.13,0.0249520153550864,"GO:0010817","GO:BP","regulation of hormone levels",24936,4223,"GO:0065008","IGI,IEA,ISS IEA,IEA,IMP IGI ISS ISO IEA,IDA IMP,IEA,IDA,IEA,IDA IEA,IMP IGI,ISS IEA,IMP","ENSMUSG00000005373,ENSMUSG00000021094,ENSMUSG00000021259,ENSMUSG00000027358,ENSMUSG00000027820,ENSMUSG00000028024,ENSMUSG00000040584,ENSMUSG00000056148,ENSMUSG00000056973,ENSMUSG00000069456,ENSMUSG00000074207,ENSMUSG00000089960,ENSMUSG00000094410"
"Up-regulated",TRUE,1.50532498953231e-05,287,100,10,0.1,0.0348432055749129,"GO:0044282","GO:BP","small molecule catabolic process",24936,10247,"GO:0009056;GO:0044281","IEA,IEA,IDA ISS IEA,IC,IDA IEA,IEA,IDA ISO,IMP,IDA,IDA IMP IEA","ENSMUSG00000002588,ENSMUSG00000020534,ENSMUSG00000021259,ENSMUSG00000021416,ENSMUSG00000023963,ENSMUSG00000026307,ENSMUSG00000039450,ENSMUSG00000042010,ENSMUSG00000056973,ENSMUSG00000074207"
"Up-regulated",TRUE,1.83169092421272e-05,224,100,9,0.09,0.0401785714285714,"GO:0072522","GO:BP","purine-containing compound biosynthetic process",24936,16246,"GO:0009058;GO:0072521","IMP,IDA TAS IEA,IEA,IEA,ISS IEA,IDA IMP IEA,IDA,IEA,IMP IEA","ENSMUSG00000006494,ENSMUSG00000011148,ENSMUSG00000020532,ENSMUSG00000020534,ENSMUSG00000020917,ENSMUSG00000024899,ENSMUSG00000027605,ENSMUSG00000041220,ENSMUSG00000042010"
"Up-regulated",TRUE,2.71765017946275e-05,308,100,10,0.1,0.0324675324675325,"GO:0062012","GO:BP","regulation of small molecule metabolic process",24936,14679,"GO:0019222;GO:0044281","IDA IMP IEA,IMP ISS IEA,ISS IEA,IEA,ISS IEA,IEA,IGI,IMP,IMP,ISS","ENSMUSG00000005373,ENSMUSG00000006494,ENSMUSG00000017146,ENSMUSG00000027358,ENSMUSG00000030762,ENSMUSG00000032418,ENSMUSG00000040181,ENSMUSG00000042010,ENSMUSG00000044350,ENSMUSG00000057074"
"Up-regulated",TRUE,3.07103529314016e-05,175,100,8,0.08,0.0457142857142857,"GO:0042180","GO:BP","ketone metabolic process",24936,9366,"GO:0008152","IMP,IMP,ISS IEA,ISS IEA,IEA,IGI,IMP,ISS","ENSMUSG00000005373,ENSMUSG00000006494,ENSMUSG00000017146,ENSMUSG00000021259,ENSMUSG00000027358,ENSMUSG00000040181,ENSMUSG00000042010,ENSMUSG00000057074"
"Up-regulated",TRUE,3.07582460927325e-05,120,100,7,0.07,0.0583333333333333,"GO:0010565","GO:BP","regulation of ketone metabolic process",24936,4032,"GO:0019222;GO:0042180","IMP,IMP,ISS IEA,IEA,IGI,IMP,ISS","ENSMUSG00000005373,ENSMUSG00000006494,ENSMUSG00000017146,ENSMUSG00000027358,ENSMUSG00000040181,ENSMUSG00000042010,ENSMUSG00000057074"
"Up-regulated",TRUE,3.89836506797371e-05,406,100,11,0.11,0.0270935960591133,"GO:0010876","GO:BP","lipid localization",24936,4255,"GO:0033036","IEA,IEA,IEA,IEA,IMP ISS IEA,IEA,ISS ISO IEA,IDA IMP,IMP,IEA,ISS","ENSMUSG00000002588,ENSMUSG00000010601,ENSMUSG00000017754,ENSMUSG00000023045,ENSMUSG00000024130,ENSMUSG00000030737,ENSMUSG00000032849,ENSMUSG00000040584,ENSMUSG00000042010,ENSMUSG00000044254,ENSMUSG00000057074"
"Up-regulated",TRUE,5.95218535931205e-05,84,100,6,0.06,0.0714285714285714,"GO:0006721","GO:BP","terpenoid metabolic process",24936,2303,"GO:0006720","IEA,IEA,IDA,IEA,IDA IEA,IMP IGI","ENSMUSG00000021094,ENSMUSG00000033105,ENSMUSG00000056148,ENSMUSG00000056973,ENSMUSG00000069456,ENSMUSG00000074207"
"Up-regulated",TRUE,6.36364158699353e-05,196,100,8,0.08,0.0408163265306122,"GO:0046395","GO:BP","carboxylic acid catabolic process",24936,11315,"GO:0016054;GO:0019752","IEA,IEA,IC,IEA,IEA,IDA ISO,IMP,IDA","ENSMUSG00000002588,ENSMUSG00000020534,ENSMUSG00000021416,ENSMUSG00000023963,ENSMUSG00000026307,ENSMUSG00000039450,ENSMUSG00000042010,ENSMUSG00000056973"
"Up-regulated",TRUE,6.36364158699353e-05,196,100,8,0.08,0.0408163265306122,"GO:0016054","GO:BP","organic acid catabolic process",24936,4844,"GO:0006082;GO:0044282","IEA,IEA,IC,IEA,IEA,IDA ISO,IMP,IDA","ENSMUSG00000002588,ENSMUSG00000020534,ENSMUSG00000021416,ENSMUSG00000023963,ENSMUSG00000026307,ENSMUSG00000039450,ENSMUSG00000042010,ENSMUSG00000056973"
"Up-regulated",TRUE,6.81234145482649e-05,87,100,6,0.06,0.0689655172413793,"GO:0006690","GO:BP","icosanoid metabolic process",24936,2274,"GO:0019752","IDA ISS IEA,IDA IEA,ISS IEA,IDA IEA,IEA,IDA IEA","ENSMUSG00000015090,ENSMUSG00000025003,ENSMUSG00000026688,ENSMUSG00000042248,ENSMUSG00000052131,ENSMUSG00000054827"
"Up-regulated",TRUE,0.00011101598740698,286,100,9,0.09,0.0314685314685315,"GO:1901293","GO:BP","nucleoside phosphate biosynthetic process",24936,19980,"GO:0006753;GO:0034654;GO:0090407","IMP,IDA TAS IEA,IEA,IMP,ISS IEA,IDA IMP,IDA,IEA,IMP IEA","ENSMUSG00000006494,ENSMUSG00000011148,ENSMUSG00000020532,ENSMUSG00000020534,ENSMUSG00000020917,ENSMUSG00000024899,ENSMUSG00000027605,ENSMUSG00000041220,ENSMUSG00000042010"
"Up-regulated",TRUE,0.000114050567849117,24,100,4,0.04,0.166666666666667,"GO:0010875","GO:BP","positive regulation of cholesterol efflux",24936,4254,"GO:0010874;GO:0032376;GO:0033344","IEA,IEA,ISS IEA,ISS","ENSMUSG00000002588,ENSMUSG00000017754,ENSMUSG00000024130,ENSMUSG00000057074"
"Up-regulated",TRUE,0.000116389277610008,54,100,5,0.05,0.0925925925925926,"GO:0033344","GO:BP","cholesterol efflux",24936,7619,"GO:0030301","IEA,IEA,IEA,ISS IEA,ISS","ENSMUSG00000002588,ENSMUSG00000017754,ENSMUSG00000023045,ENSMUSG00000024130,ENSMUSG00000057074"
"Up-regulated",TRUE,0.000119809181791065,152,100,7,0.07,0.0460526315789474,"GO:0006694","GO:BP","steroid biosynthetic process",24936,2278,"GO:0008202;GO:0008610","IEA,IEA,IEA,ISS IEA,ISS IEA,ISA,ISS","ENSMUSG00000023963,ENSMUSG00000027358,ENSMUSG00000027952,ENSMUSG00000030762,ENSMUSG00000033105,ENSMUSG00000054757,ENSMUSG00000057074"
"Up-regulated",TRUE,0.000119809181791065,55,100,5,0.05,0.0909090909090909,"GO:0032374","GO:BP","regulation of cholesterol transport",24936,7040,"GO:0030301;GO:0032371","IEA,IEA,ISS IEA,IEA,ISS","ENSMUSG00000002588,ENSMUSG00000017754,ENSMUSG00000024130,ENSMUSG00000044254,ENSMUSG00000057074"
"Up-regulated",TRUE,0.000119809181791065,55,100,5,0.05,0.0909090909090909,"GO:0032371","GO:BP","regulation of sterol transport",24936,7037,"GO:0015918;GO:0032368","IEA,IEA,ISS IEA,IEA,ISS","ENSMUSG00000002588,ENSMUSG00000017754,ENSMUSG00000024130,ENSMUSG00000044254,ENSMUSG00000057074"
"Up-regulated",TRUE,0.000132615342037543,100,100,6,0.06,0.06,"GO:0030301","GO:BP","cholesterol transport",24936,6320,"GO:0015918","IEA,IEA,IEA,ISS IEA,IEA,ISS","ENSMUSG00000002588,ENSMUSG00000017754,ENSMUSG00000023045,ENSMUSG00000024130,ENSMUSG00000044254,ENSMUSG00000057074"
"Up-regulated",TRUE,0.000133254922734876,382,100,10,0.1,0.0261780104712042,"GO:0006869","GO:BP","lipid transport",24936,2401,"GO:0006810;GO:0010876","IEA,IEA,IEA,IEA,IMP ISS IEA,IEA,ISS ISO IEA,IDA IMP,IEA,ISS","ENSMUSG00000002588,ENSMUSG00000010601,ENSMUSG00000017754,ENSMUSG00000023045,ENSMUSG00000024130,ENSMUSG00000030737,ENSMUSG00000032849,ENSMUSG00000040584,ENSMUSG00000044254,ENSMUSG00000057074"
"Up-regulated",TRUE,0.000159888879648178,104,100,6,0.06,0.0576923076923077,"GO:0015918","GO:BP","sterol transport",24936,4774,"GO:0006869;GO:0015850","IEA,IEA,IEA,ISS IEA,IEA,ISS","ENSMUSG00000002588,ENSMUSG00000017754,ENSMUSG00000023045,ENSMUSG00000024130,ENSMUSG00000044254,ENSMUSG00000057074"
"Up-regulated",TRUE,0.000159888879648178,306,100,9,0.09,0.0294117647058824,"GO:0019216","GO:BP","regulation of lipid metabolic process",24936,5271,"GO:0006629;GO:0080090","IMP IGI IEA,IMP,ISS IEA,IMP ISS IEA,IEA,ISS IEA,IGI,IMP,IMP ISS","ENSMUSG00000005373,ENSMUSG00000006494,ENSMUSG00000017146,ENSMUSG00000024130,ENSMUSG00000027358,ENSMUSG00000030762,ENSMUSG00000040181,ENSMUSG00000042010,ENSMUSG00000057074"
"Up-regulated",TRUE,0.000197788279557041,62,100,5,0.05,0.0806451612903226,"GO:0097006","GO:BP","regulation of plasma lipoprotein particle levels",24936,17224,"GO:0050789","ISS IEA,IEA,IEA,IMP,IMP","ENSMUSG00000017754,ENSMUSG00000023045,ENSMUSG00000044254,ENSMUSG00000056973,ENSMUSG00000057074"
"Up-regulated",TRUE,0.00028526541132966,67,100,5,0.05,0.0746268656716418,"GO:0001523","GO:BP","retinoid metabolic process",24936,317,"GO:0016101","IEA,IDA,IEA,IDA IEA,IMP IGI","ENSMUSG00000021094,ENSMUSG00000056148,ENSMUSG00000056973,ENSMUSG00000069456,ENSMUSG00000074207"
"Up-regulated",TRUE,0.000297764297869042,854,100,14,0.14,0.0163934426229508,"GO:0009725","GO:BP","response to hormone",24936,3463,"GO:0009719;GO:0042221","IEA,IEA,IDA,IEA,IEA,IEA,IMP ISS IEA,IDA NAS,IEA,ISS,IEA,IEA,IDA IEA,IDA IEA","ENSMUSG00000015090,ENSMUSG00000017146,ENSMUSG00000020532,ENSMUSG00000024130,ENSMUSG00000027792,ENSMUSG00000027820,ENSMUSG00000029833,ENSMUSG00000030340,ENSMUSG00000031443,ENSMUSG00000032418,ENSMUSG00000037370,ENSMUSG00000040584,ENSMUSG00000044254,ENSMUSG00000074207"
"Up-regulated",TRUE,0.000315298871617552,529,100,11,0.11,0.0207939508506616,"GO:0090407","GO:BP","organophosphate biosynthetic process",24936,17064,"GO:0009058;GO:0019637","IMP,IDA TAS IEA,IEA,IMP,IMP,ISS IEA,IDA IMP,IDA,IEA,IEA,IMP IEA","ENSMUSG00000006494,ENSMUSG00000011148,ENSMUSG00000020532,ENSMUSG00000020534,ENSMUSG00000020669,ENSMUSG00000020917,ENSMUSG00000024899,ENSMUSG00000027605,ENSMUSG00000027952,ENSMUSG00000041220,ENSMUSG00000042010"
"Up-regulated",TRUE,0.000315298871617552,33,100,4,0.04,0.121212121212121,"GO:0008299","GO:BP","isoprenoid biosynthetic process",24936,3019,"GO:0006720;GO:0008610","IEA,IEA,IDA,IDA","ENSMUSG00000027952,ENSMUSG00000033105,ENSMUSG00000056148,ENSMUSG00000069456"
"Up-regulated",TRUE,0.000315298871617552,33,100,4,0.04,0.121212121212121,"GO:0032373","GO:BP","positive regulation of sterol transport",24936,7039,"GO:0015918;GO:0032370;GO:0032371","IEA,IEA,ISS IEA,ISS","ENSMUSG00000002588,ENSMUSG00000017754,ENSMUSG00000024130,ENSMUSG00000057074"
"Up-regulated",TRUE,0.000315298871617552,33,100,4,0.04,0.121212121212121,"GO:0032376","GO:BP","positive regulation of cholesterol transport",24936,7042,"GO:0030301;GO:0032373;GO:0032374","IEA,IEA,ISS IEA,ISS","ENSMUSG00000002588,ENSMUSG00000017754,ENSMUSG00000024130,ENSMUSG00000057074"
"Up-regulated",TRUE,0.000315298871617552,1385,100,18,0.18,0.0129963898916968,"GO:0055085","GO:BP","transmembrane transport",24936,13261,"GO:0006810;GO:0009987","ISS IEA,IEA,IEA,ISS IEA,IDA IMP IEA,IEA,IEA,IDA IMP IEA,IDA IEA,IEA,IDA IMP ISS IEA,TAS IEA,IEA,IEA,IDA IMP IEA,IEA,IEA,IEA","ENSMUSG00000020102,ENSMUSG00000020432,ENSMUSG00000023912,ENSMUSG00000024130,ENSMUSG00000024354,ENSMUSG00000027577,ENSMUSG00000028238,ENSMUSG00000030096,ENSMUSG00000030340,ENSMUSG00000030737,ENSMUSG00000030762,ENSMUSG00000032849,ENSMUSG00000037370,ENSMUSG00000040441,ENSMUSG00000040584,ENSMUSG00000040938,ENSMUSG00000041078,ENSMUSG00000042010"
"Up-regulated",TRUE,0.000336862245047003,71,100,5,0.05,0.0704225352112676,"GO:0016101","GO:BP","diterpenoid metabolic process",24936,4875,"GO:0006721","IEA,IDA,IEA,IDA IEA,IMP IGI","ENSMUSG00000021094,ENSMUSG00000056148,ENSMUSG00000056973,ENSMUSG00000069456,ENSMUSG00000074207"
"Up-regulated",TRUE,0.000344767318479297,34,100,4,0.04,0.117647058823529,"GO:0019369","GO:BP","arachidonate metabolic process",24936,5389,"GO:0001676;GO:0006690;GO:0033559;GO:0120254","IDA IEA,IEA,IDA IEA,IDA IEA","ENSMUSG00000025003,ENSMUSG00000026688,ENSMUSG00000042248,ENSMUSG00000054827"
"Up-regulated",TRUE,0.000381994456895211,35,100,4,0.04,0.114285714285714,"GO:0010874","GO:BP","regulation of cholesterol efflux",24936,4253,"GO:0032374;GO:0033344","IEA,IEA,ISS IEA,ISS","ENSMUSG00000002588,ENSMUSG00000017754,ENSMUSG00000024130,ENSMUSG00000057074"
"Up-regulated",TRUE,0.000483946228711666,131,100,6,0.06,0.0458015267175573,"GO:0015718","GO:BP","monocarboxylic acid transport",24936,4599,"GO:0046942","ISS IEA,IEA,ISS ISO IEA,IEA,IEA,ISS","ENSMUSG00000020102,ENSMUSG00000030737,ENSMUSG00000032849,ENSMUSG00000040938,ENSMUSG00000042010,ENSMUSG00000057074"
"Up-regulated",TRUE,0.000501425810737988,78,100,5,0.05,0.0641025641025641,"GO:0034308","GO:BP","primary alcohol metabolic process",24936,7989,"GO:0006066","IEA,IEA,IEA,IEA,IDA IMP IGI","ENSMUSG00000021094,ENSMUSG00000027358,ENSMUSG00000056973,ENSMUSG00000069456,ENSMUSG00000074207"
"Up-regulated",TRUE,0.000501425810737988,2,100,2,0.02,1,"GO:2001295","GO:BP","malonyl-CoA biosynthetic process",24936,24516,"GO:0071616;GO:2001293","IEA,IMP IEA","ENSMUSG00000020532,ENSMUSG00000042010"
"Up-regulated",TRUE,0.000502187656718762,38,100,4,0.04,0.105263157894737,"GO:0071827","GO:BP","plasma lipoprotein particle organization",24936,15787,"GO:0032501;GO:0071825","ISS IEA,IEA,IMP,IMP","ENSMUSG00000017754,ENSMUSG00000023045,ENSMUSG00000056973,ENSMUSG00000057074"
"Up-regulated",TRUE,0.000527641686186966,4145,100,34,0.34,0.00820265379975875,"GO:0051234","GO:BP","establishment of localization",24936,12687,"GO:0051179","IEA,IGI,ISS ISO IEA,IEA,IEA,IEA,ISS IEA,IDA ISS IEA,IMP,IEA,IEA,IMP ISS IEA,IDA IMP ISS IEA,IMP,IMP IGI IEA,IEA,IDA IMP IEA,IDA IGI IEA,ISO IEA,IDA IMP ISS IEA,ISS IEA,ISS ISO TAS IEA,IEA,ISS IEA,IEA,IDA IMP IEA,IEA,IEA,IEA,ISO IEA,ISS,ISS,ISS ISO IEA,IMP","ENSMUSG00000002588,ENSMUSG00000005373,ENSMUSG00000008140,ENSMUSG00000010601,ENSMUSG00000015090,ENSMUSG00000017754,ENSMUSG00000020102,ENSMUSG00000020432,ENSMUSG00000020926,ENSMUSG00000023045,ENSMUSG00000023912,ENSMUSG00000024130,ENSMUSG00000024354,ENSMUSG00000027358,ENSMUSG00000027577,ENSMUSG00000028238,ENSMUSG00000030096,ENSMUSG00000030340,ENSMUSG00000030737,ENSMUSG00000030762,ENSMUSG00000032119,ENSMUSG00000032849,ENSMUSG00000037370,ENSMUSG00000038949,ENSMUSG00000040441,ENSMUSG00000040584,ENSMUSG00000040938,ENSMUSG00000041078,ENSMUSG00000042010,ENSMUSG00000044254,ENSMUSG00000057074,ENSMUSG00000072115,ENSMUSG00000078517,ENSMUSG00000094410"
"Up-regulated",TRUE,0.000568838913132515,81,100,5,0.05,0.0617283950617284,"GO:0001676","GO:BP","long-chain fatty acid metabolic process",24936,367,"GO:0006631","IDA IEA,IEA,ISS IEA,IDA IEA,IDA IEA","ENSMUSG00000025003,ENSMUSG00000026688,ENSMUSG00000041220,ENSMUSG00000042248,ENSMUSG00000054827"
"Up-regulated",TRUE,0.000573464573874059,284,100,8,0.08,0.028169014084507,"GO:0046942","GO:BP","carboxylic acid transport",24936,11597,"GO:0015711;GO:0015849","ISS IEA,IDA IMP IEA,IEA,IEA,ISS ISO IEA,IEA,IEA,ISS","ENSMUSG00000020102,ENSMUSG00000024354,ENSMUSG00000030096,ENSMUSG00000030737,ENSMUSG00000032849,ENSMUSG00000040938,ENSMUSG00000042010,ENSMUSG00000057074"
"Up-regulated",TRUE,0.000579927946853445,285,100,8,0.08,0.0280701754385965,"GO:0015849","GO:BP","organic acid transport",24936,4719,"GO:0006810","ISS IEA,IDA IMP IEA,IDA IMP IEA,IEA,ISS ISO IEA,IEA,IEA,ISS","ENSMUSG00000020102,ENSMUSG00000024354,ENSMUSG00000030096,ENSMUSG00000030737,ENSMUSG00000032849,ENSMUSG00000040938,ENSMUSG00000042010,ENSMUSG00000057074"
"Up-regulated",TRUE,0.000620594123438106,209,100,7,0.07,0.0334928229665072,"GO:0009636","GO:BP","response to toxic substance",24936,3397,"GO:0042221","IMP IEA,IEA,ISS IEA,IEA,ISS IEA,IDA IEA,TAS","ENSMUSG00000002588,ENSMUSG00000003477,ENSMUSG00000024354,ENSMUSG00000026688,ENSMUSG00000030762,ENSMUSG00000040584,ENSMUSG00000056973"
"Up-regulated",TRUE,0.000620594123438106,14,100,3,0.03,0.214285714285714,"GO:0072350","GO:BP","tricarboxylic acid metabolic process",24936,16193,"GO:0019752","ISS IEA,ISS IEA,IEA","ENSMUSG00000020917,ENSMUSG00000030541,ENSMUSG00000042010"
"Up-regulated",TRUE,0.000620594123438106,41,100,4,0.04,0.0975609756097561,"GO:0071825","GO:BP","protein-lipid complex organization",24936,15785,"GO:0043933","ISS IEA,IEA,IMP,IMP","ENSMUSG00000017754,ENSMUSG00000023045,ENSMUSG00000056973,ENSMUSG00000057074"
"Up-regulated",TRUE,0.000689581805854815,144,100,6,0.06,0.0416666666666667,"GO:1905952","GO:BP","regulation of lipid localization",24936,23200,"GO:0010876;GO:0032879","IEA,IEA,IMP ISS IEA,IMP,IEA,ISS","ENSMUSG00000002588,ENSMUSG00000017754,ENSMUSG00000024130,ENSMUSG00000042010,ENSMUSG00000044254,ENSMUSG00000057074"
"Up-regulated",TRUE,0.000689581805854815,86,100,5,0.05,0.0581395348837209,"GO:1905954","GO:BP","positive regulation of lipid localization",24936,23202,"GO:0010876;GO:0048518;GO:1905952","IEA,IEA,ISS IEA,IMP,ISS","ENSMUSG00000002588,ENSMUSG00000017754,ENSMUSG00000024130,ENSMUSG00000042010,ENSMUSG00000057074"
"Up-regulated",TRUE,0.000689581805854815,144,100,6,0.06,0.0416666666666667,"GO:0007584","GO:BP","response to nutrient",24936,2906,"GO:0031667;GO:0042221","IDA IMP IGI,IEA,IMP,IEA,IEA,IEA","ENSMUSG00000005373,ENSMUSG00000027792,ENSMUSG00000029833,ENSMUSG00000031443,ENSMUSG00000040584,ENSMUSG00000042010"
"Up-regulated",TRUE,0.000704295811207372,87,100,5,0.05,0.0574712643678161,"GO:0019217","GO:BP","regulation of fatty acid metabolic process",24936,5272,"GO:0006631;GO:0010565;GO:0019216;GO:0062012","IMP,IMP,ISS IEA,IGI,IMP","ENSMUSG00000005373,ENSMUSG00000006494,ENSMUSG00000017146,ENSMUSG00000040181,ENSMUSG00000042010"
"Up-regulated",TRUE,0.000704295811207372,43,100,4,0.04,0.0930232558139535,"GO:0042572","GO:BP","retinol metabolic process",24936,9594,"GO:0001523;GO:0034308;GO:0042445;GO:0120254","IEA,IEA,IEA,IMP IGI","ENSMUSG00000021094,ENSMUSG00000056973,ENSMUSG00000069456,ENSMUSG00000074207"
"Up-regulated",TRUE,0.000801775703290588,1819,100,20,0.2,0.0109950522264981,"GO:0006796","GO:BP","phosphate-containing compound metabolic process",24936,2354,"GO:0006793","IEA,IDA IMP IEA,IMP,IDA TAS IEA,IDA IEA,IMP,IMP,ISS IEA,IMP ISS IEA,IDA IMP,IDA,IEA,IEA,IEA,IDA ISO,IEA,IMP IEA,IDA,IMP,TAS","ENSMUSG00000002588,ENSMUSG00000005373,ENSMUSG00000006494,ENSMUSG00000011148,ENSMUSG00000020532,ENSMUSG00000020534,ENSMUSG00000020669,ENSMUSG00000020917,ENSMUSG00000024130,ENSMUSG00000024899,ENSMUSG00000027605,ENSMUSG00000027952,ENSMUSG00000032418,ENSMUSG00000037370,ENSMUSG00000039450,ENSMUSG00000041220,ENSMUSG00000042010,ENSMUSG00000044254,ENSMUSG00000044350,ENSMUSG00000056973"
"Up-regulated",TRUE,0.000810787201272618,1822,100,20,0.2,0.0109769484083425,"GO:0006793","GO:BP","phosphorus metabolic process",24936,2351,"GO:0008152","IEA,IDA IMP IEA,IMP,IDA TAS IEA,IDA IEA,IMP,IMP,ISS IEA,IMP ISS IEA,IDA IMP,IDA,IEA,IEA,IEA,IDA ISO,IEA,IMP IEA,IDA,IMP,TAS","ENSMUSG00000002588,ENSMUSG00000005373,ENSMUSG00000006494,ENSMUSG00000011148,ENSMUSG00000020532,ENSMUSG00000020534,ENSMUSG00000020669,ENSMUSG00000020917,ENSMUSG00000024130,ENSMUSG00000024899,ENSMUSG00000027605,ENSMUSG00000027952,ENSMUSG00000032418,ENSMUSG00000037370,ENSMUSG00000039450,ENSMUSG00000041220,ENSMUSG00000042010,ENSMUSG00000044254,ENSMUSG00000044350,ENSMUSG00000056973"
"Up-regulated",TRUE,0.00152892224250844,103,100,5,0.05,0.0485436893203883,"GO:0072329","GO:BP","monocarboxylic acid catabolic process",24936,16179,"GO:0032787;GO:0046395","IC,IEA,IDA ISO,IMP,IDA","ENSMUSG00000021416,ENSMUSG00000023963,ENSMUSG00000039450,ENSMUSG00000042010,ENSMUSG00000056973"
"Up-regulated",TRUE,0.00157626469751588,2745,100,25,0.25,0.00910746812386157,"GO:0065008","GO:BP","regulation of biological quality",24936,14785,"GO:0065007","IGI,IEA,IMP ISS IEA,IEA,IMP,IDA IGI IEA,IMP IGI IEA,IMP IGI ISS ISO IEA,IDA IMP ISS IEA,IMP IEA,ISS NAS IEA,IMP IEA,IEA,IDA IMP,IDA IEA,EXP IDA IMP IEP IEA,IDA,IDA,IEA,IDA IEA,IDA,IMP IGI,IDA IMP,ISS IEA,IMP","ENSMUSG00000005373,ENSMUSG00000021094,ENSMUSG00000021259,ENSMUSG00000024130,ENSMUSG00000024899,ENSMUSG00000027358,ENSMUSG00000027577,ENSMUSG00000027820,ENSMUSG00000028024,ENSMUSG00000029833,ENSMUSG00000030340,ENSMUSG00000031443,ENSMUSG00000033105,ENSMUSG00000039114,ENSMUSG00000040584,ENSMUSG00000041078,ENSMUSG00000045776,ENSMUSG00000056148,ENSMUSG00000056973,ENSMUSG00000069456,ENSMUSG00000072115,ENSMUSG00000074207,ENSMUSG00000074785,ENSMUSG00000089960,ENSMUSG00000094410"
"Up-regulated",TRUE,0.00162421502987768,20290,100,95,0.95,0.00468210941350419,"GO:0009987","GO:BP","cellular process",24936,3649,"GO:0008150","IDA,IMP TAS IEA,IEA,ISS IEA,IDA IMP IGI IEA,IDA IEA,IMP ISS ISA IEA,IDA ISS ISO IEA,IEA,IDA TAS IEA,IDA IMP IGI ISS IEA,IEA,IDA IMP IGI ISS ISO TAS NAS IEA,IMP ISS IEA,IDA,ISS IEA,IEA,IDA IMP IGI IEA,IMP ISS IC IEA,IMP,ISS IEA,IEA,IEA,IDA IMP ISS IEA,IC,IDA IGI IEA,IEA,IMP IEA,IDA IEA,IMP ISS IEA,IDA IMP IEA,IDA IMP IEA,IMP IEA,IDA IEA,IDA ISO IEA,IEA,IMP ISS IEA,ISS IEA,ISS,IDA IMP IGI ISS ISO TAS IEA,IDA IMP IEA,IDA IEA,IEA,IDA IMP IGI ISS ISO IEA,IEA,IDA IMP ISS ISO IEA,IEA,IEA,IDA IMP IGI ISS IEA,IDA IMP IEA,IDA NAS IEA,ISS IEA,IEA,IDA IMP ISS IEA,IEA,IDA IEA,IDA IMP ISS IEA,ISS IEA,ISO TAS IEA,ISS IEA,ISO,IEA,ISS IEA,EXP IDA IMP IEP ISO,IDA ISO IEA,TAS,IMP IGI IEA,IEA,IDA IMP IEA,ISS IEA,EXP IDA IMP IEP IEA,IDA ISS IEA,IDA,IMP IEA,IDA IEA,IDA IMP IEP ISS ISO IEA,IMP ISS IEA,IDA,IMP ISS IEA,IMP IEA,TAS IEA,ISS IEA,ISA,IDA IEA,IDA,IDA IMP TAS NAS IEA,IMP ISS IEA,IMP,IDA IEA,IDA IMP ISS IEA,IDA IMP IGI IEA,IDA IMP IEA,ISS ISO IEA,ISS IEA,IDA IMP","ENSMUSG00000001665,ENSMUSG00000002588,ENSMUSG00000002847,ENSMUSG00000003477,ENSMUSG00000005373,ENSMUSG00000005677,ENSMUSG00000006494,ENSMUSG00000008140,ENSMUSG00000010601,ENSMUSG00000011148,ENSMUSG00000015090,ENSMUSG00000016194,ENSMUSG00000017146,ENSMUSG00000017754,ENSMUSG00000020010,ENSMUSG00000020102,ENSMUSG00000020432,ENSMUSG00000020532,ENSMUSG00000020534,ENSMUSG00000020669,ENSMUSG00000020917,ENSMUSG00000020926,ENSMUSG00000021094,ENSMUSG00000021259,ENSMUSG00000021416,ENSMUSG00000023045,ENSMUSG00000023832,ENSMUSG00000023912,ENSMUSG00000023963,ENSMUSG00000024130,ENSMUSG00000024354,ENSMUSG00000024899,ENSMUSG00000024992,ENSMUSG00000025003,ENSMUSG00000025464,ENSMUSG00000026307,ENSMUSG00000026471,ENSMUSG00000026688,ENSMUSG00000026938,ENSMUSG00000027358,ENSMUSG00000027577,ENSMUSG00000027605,ENSMUSG00000027792,ENSMUSG00000027820,ENSMUSG00000027952,ENSMUSG00000028024,ENSMUSG00000028238,ENSMUSG00000029102,ENSMUSG00000029833,ENSMUSG00000030096,ENSMUSG00000030340,ENSMUSG00000030541,ENSMUSG00000030737,ENSMUSG00000030762,ENSMUSG00000031443,ENSMUSG00000031665,ENSMUSG00000032119,ENSMUSG00000032418,ENSMUSG00000032849,ENSMUSG00000033105,ENSMUSG00000033318,ENSMUSG00000037370,ENSMUSG00000038949,ENSMUSG00000039114,ENSMUSG00000039450,ENSMUSG00000039824,ENSMUSG00000040181,ENSMUSG00000040441,ENSMUSG00000040584,ENSMUSG00000040938,ENSMUSG00000041078,ENSMUSG00000041220,ENSMUSG00000041261,ENSMUSG00000042010,ENSMUSG00000042248,ENSMUSG00000044254,ENSMUSG00000044350,ENSMUSG00000045776,ENSMUSG00000047617,ENSMUSG00000048240,ENSMUSG00000052131,ENSMUSG00000052656,ENSMUSG00000054757,ENSMUSG00000054827,ENSMUSG00000056148,ENSMUSG00000056973,ENSMUSG00000057074,ENSMUSG00000060807,ENSMUSG00000069456,ENSMUSG00000072115,ENSMUSG00000074207,ENSMUSG00000074785,ENSMUSG00000078517,ENSMUSG00000089960,ENSMUSG00000094410"
"Up-regulated",TRUE,0.00166562239673964,20,100,3,0.03,0.15,"GO:0034377","GO:BP","plasma lipoprotein particle assembly",24936,8028,"GO:0065005;GO:0071827;GO:0097006","IEA,IMP,IMP","ENSMUSG00000023045,ENSMUSG00000056973,ENSMUSG00000057074"
"Up-regulated",TRUE,0.00191530103883566,21,100,3,0.03,0.142857142857143,"GO:0016114","GO:BP","terpenoid biosynthetic process",24936,4886,"GO:0006721;GO:0008299","IEA,IDA,IDA","ENSMUSG00000033105,ENSMUSG00000056148,ENSMUSG00000069456"
"Up-regulated",TRUE,0.00199461383427056,178,100,6,0.06,0.0337078651685393,"GO:0046890","GO:BP","regulation of lipid biosynthetic process",24936,11584,"GO:0008610;GO:0009889;GO:0019216","IMP IGI IEA,ISS IEA,IMP,IEA,ISS IEA,ISS","ENSMUSG00000005373,ENSMUSG00000017146,ENSMUSG00000024130,ENSMUSG00000027358,ENSMUSG00000030762,ENSMUSG00000057074"
"Up-regulated",TRUE,0.0020334902776656,13249,100,72,0.72,0.00543437240546456,"GO:0008152","GO:BP","metabolic process",24936,2985,"GO:0009987","IDA,IMP TAS IEA,IEA,ISS IEA,IDA IMP IGI IEA,IDA IEA,IMP ISS IEA,IEA,IDA TAS IEA,IDA IMP ISS IEA,IEA,IDA IMP IGI ISS NAS IEA,IMP,IDA,IDA IMP IGI IEA,IMP ISS IC IEA,IMP,ISS IEA,IEA,IEA,IDA ISS IEA,IC,IDA IEA,IEA,IDA IEA,IMP ISS IEA,IDA IMP IEA,IDA IEA,IDA ISO IEA,IEA,ISS IEA,ISS,IDA IMP IGI ISO IEA,IEA,IDA IEA,IEA,IDA IMP IGI ISS ISO IEA,IEA,IDA IMP IEA,IEA,IDA IMP IGI IEA,ISS IEA,ISS IEA,IEA,IDA IEA,IDA IMP ISS IEA,ISS IEA,ISS IEA,ISO,IEA,IDA ISO IEA,IMP IGI IEA,ISS IEA,IDA ISS IEA,IMP IEA,IDA IEA,IDA IMP ISS IEA,IMP IEA,IMP ISS IEA,TAS IEA,ISS IEA,ISA,IDA IEA,IDA,IDA IMP TAS NAS IEA,IMP ISS IEA,IMP,IDA IEA,IDA IMP ISS IEA,IDA IMP IGI IEA,ISS IEA,IDA IMP","ENSMUSG00000001665,ENSMUSG00000002588,ENSMUSG00000002847,ENSMUSG00000003477,ENSMUSG00000005373,ENSMUSG00000005677,ENSMUSG00000006494,ENSMUSG00000010601,ENSMUSG00000011148,ENSMUSG00000015090,ENSMUSG00000016194,ENSMUSG00000017146,ENSMUSG00000017754,ENSMUSG00000020010,ENSMUSG00000020532,ENSMUSG00000020534,ENSMUSG00000020669,ENSMUSG00000020917,ENSMUSG00000020926,ENSMUSG00000021094,ENSMUSG00000021259,ENSMUSG00000021416,ENSMUSG00000023045,ENSMUSG00000023832,ENSMUSG00000023963,ENSMUSG00000024130,ENSMUSG00000024899,ENSMUSG00000025003,ENSMUSG00000025464,ENSMUSG00000026307,ENSMUSG00000026688,ENSMUSG00000026938,ENSMUSG00000027358,ENSMUSG00000027577,ENSMUSG00000027605,ENSMUSG00000027792,ENSMUSG00000027820,ENSMUSG00000027952,ENSMUSG00000028024,ENSMUSG00000029102,ENSMUSG00000029833,ENSMUSG00000030541,ENSMUSG00000030762,ENSMUSG00000031443,ENSMUSG00000031665,ENSMUSG00000032119,ENSMUSG00000032418,ENSMUSG00000033105,ENSMUSG00000033318,ENSMUSG00000037370,ENSMUSG00000039450,ENSMUSG00000040181,ENSMUSG00000040938,ENSMUSG00000041220,ENSMUSG00000042010,ENSMUSG00000042248,ENSMUSG00000044254,ENSMUSG00000044350,ENSMUSG00000047617,ENSMUSG00000052131,ENSMUSG00000052656,ENSMUSG00000054757,ENSMUSG00000054827,ENSMUSG00000056148,ENSMUSG00000056973,ENSMUSG00000057074,ENSMUSG00000060807,ENSMUSG00000069456,ENSMUSG00000072115,ENSMUSG00000074207,ENSMUSG00000089960,ENSMUSG00000094410"
"Up-regulated",TRUE,0.00203828336765338,453,100,9,0.09,0.0198675496688742,"GO:0009117","GO:BP","nucleotide metabolic process",24936,3136,"GO:0006753","IDA IMP IEA,IDA TAS IEA,IMP,IDA IMP,IEA,IEA,IDA,IEA,IMP","ENSMUSG00000005373,ENSMUSG00000011148,ENSMUSG00000020534,ENSMUSG00000024899,ENSMUSG00000032418,ENSMUSG00000037370,ENSMUSG00000039450,ENSMUSG00000042010,ENSMUSG00000044350"
"Up-regulated",TRUE,0.00203828336765338,1646,100,18,0.18,0.0109356014580802,"GO:1901700","GO:BP","response to oxygen-containing compound",24936,20237,"GO:0042221","IDA IGI,IEA,IDA,IEA,IEA,IDA,IEA,IEA,IMP IEA,IDA NAS,IEA,IEA,IEA,IEA,IEA,IDA IEA,IDA IMP IEA,IMP","ENSMUSG00000005373,ENSMUSG00000017146,ENSMUSG00000020532,ENSMUSG00000020534,ENSMUSG00000022445,ENSMUSG00000027577,ENSMUSG00000027792,ENSMUSG00000027952,ENSMUSG00000029833,ENSMUSG00000030340,ENSMUSG00000030762,ENSMUSG00000031443,ENSMUSG00000037370,ENSMUSG00000040181,ENSMUSG00000040584,ENSMUSG00000044254,ENSMUSG00000074207,ENSMUSG00000094410"
"Up-regulated",TRUE,0.00206860296463886,22,100,3,0.03,0.136363636363636,"GO:0042573","GO:BP","retinoic acid metabolic process",24936,9595,"GO:0001523;GO:0032787;GO:0042445","IDA,IDA,IMP IGI","ENSMUSG00000056148,ENSMUSG00000069456,ENSMUSG00000074207"
"Up-regulated",TRUE,0.00206860296463886,22,100,3,0.03,0.136363636363636,"GO:0006085","GO:BP","acetyl-CoA biosynthetic process",24936,1849,"GO:0006084;GO:0071616","IMP,ISS IEA,IDA","ENSMUSG00000006494,ENSMUSG00000020917,ENSMUSG00000027605"
"Up-regulated",TRUE,0.00213317417530959,4,100,2,0.02,0.5,"GO:0035879","GO:BP","plasma membrane lactate transport",24936,8705,"GO:0035873","IEA,IEA","ENSMUSG00000020102,ENSMUSG00000042010"
"Up-regulated",TRUE,0.00216797972535369,265,100,7,0.07,0.0264150943396226,"GO:0097305","GO:BP","response to alcohol",24936,17363,"GO:1901700","IEA,IDA,IEA,IDA NAS,IEA,IEA,IMP IEA","ENSMUSG00000017146,ENSMUSG00000020532,ENSMUSG00000027952,ENSMUSG00000030340,ENSMUSG00000031443,ENSMUSG00000040584,ENSMUSG00000074207"
"Up-regulated",TRUE,0.00232440640546651,116,100,5,0.05,0.0431034482758621,"GO:0032368","GO:BP","regulation of lipid transport",24936,7034,"GO:0006869;GO:0051049;GO:1905952","IEA,IEA,IMP ISS IEA,IEA,ISS","ENSMUSG00000002588,ENSMUSG00000017754,ENSMUSG00000024130,ENSMUSG00000044254,ENSMUSG00000057074"
"Up-regulated",TRUE,0.00247148990047814,62,100,4,0.04,0.0645161290322581,"GO:0051289","GO:BP","protein homotetramerization",24936,12720,"GO:0051260;GO:0051262","IDA,ISS IEA,ISS IEA,IEA","ENSMUSG00000020532,ENSMUSG00000020534,ENSMUSG00000032418,ENSMUSG00000042010"
"Up-regulated",TRUE,0.00253975455731759,24,100,3,0.03,0.125,"GO:0065005","GO:BP","protein-lipid complex assembly",24936,14783,"GO:0065003;GO:0071825","IEA,IMP,IMP","ENSMUSG00000023045,ENSMUSG00000056973,ENSMUSG00000057074"
"Up-regulated",TRUE,0.00253975455731759,368,100,8,0.08,0.0217391304347826,"GO:0015711","GO:BP","organic anion transport",24936,4592,"GO:0006810","ISS IEA,IDA IMP ISS IEA,IDA IMP IEA,ISO IEA,ISS ISO IEA,IEA,IEA,ISS","ENSMUSG00000020102,ENSMUSG00000024354,ENSMUSG00000030096,ENSMUSG00000030737,ENSMUSG00000032849,ENSMUSG00000040938,ENSMUSG00000042010,ENSMUSG00000057074"
"Up-regulated",TRUE,0.00317449647111677,285,100,7,0.07,0.0245614035087719,"GO:0048545","GO:BP","response to steroid hormone",24936,11977,"GO:0009725;GO:0033993","IEA,IEA,IEA,IEA,IDA NAS,IEA,IDA IEA","ENSMUSG00000015090,ENSMUSG00000017146,ENSMUSG00000024130,ENSMUSG00000027792,ENSMUSG00000030340,ENSMUSG00000040584,ENSMUSG00000074207"
"Up-regulated",TRUE,0.00317449647111677,5,100,2,0.02,0.4,"GO:0033595","GO:BP","response to genistein",24936,7746,"GO:0033594","IEA,IEA","ENSMUSG00000022445,ENSMUSG00000031443"
"Up-regulated",TRUE,0.00317449647111677,11622,100,65,0.65,0.00559284116331096,"GO:0044238","GO:BP","primary metabolic process",24936,10236,"GO:0008152","IMP TAS IEA,IEA,IDA IMP IGI IEA,IDA IEA,IMP ISS IEA,IEA,IDA TAS IEA,IDA ISS IEA,IEA,IMP ISS NAS IEA,IDA IMP IGI IEA,IMP ISS IEA,IMP,ISS IEA,IEA,IEA,IDA ISS IEA,IC,IDA IEA,IEA,IDA IEA,IMP ISS IEA,IDA IMP,IDA IEA,IEA,IEA,ISS IEA,IDA IMP IGI ISO IEA,IEA,IDA IEA,IMP IGI ISS ISO IEA,IEA,IDA IMP IEA,IEA,IDA IMP IGI IEA,IEA,ISS IEA,IEA,IDA IEA,IDA IMP ISS IEA,IEA,ISS IEA,IEA,IDA IEA,IGI,ISS IEA,IDA ISS IEA,IMP IEA,IDA IEA,IDA IMP ISS IEA,IMP,IMP ISS IEA,TAS IEA,ISS IEA,ISA,IDA IEA,IDA,IDA IMP TAS NAS IEA,IMP ISS IEA,IMP,IDA IEA,IDA IMP ISS IEA,IMP IGI IEA,ISS IEA,IDA IMP","ENSMUSG00000002588,ENSMUSG00000002847,ENSMUSG00000005373,ENSMUSG00000005677,ENSMUSG00000006494,ENSMUSG00000010601,ENSMUSG00000011148,ENSMUSG00000015090,ENSMUSG00000016194,ENSMUSG00000017146,ENSMUSG00000020532,ENSMUSG00000020534,ENSMUSG00000020669,ENSMUSG00000020917,ENSMUSG00000020926,ENSMUSG00000021094,ENSMUSG00000021259,ENSMUSG00000021416,ENSMUSG00000023045,ENSMUSG00000023832,ENSMUSG00000023963,ENSMUSG00000024130,ENSMUSG00000024899,ENSMUSG00000025003,ENSMUSG00000025464,ENSMUSG00000026307,ENSMUSG00000026688,ENSMUSG00000027358,ENSMUSG00000027577,ENSMUSG00000027605,ENSMUSG00000027820,ENSMUSG00000027952,ENSMUSG00000028024,ENSMUSG00000029102,ENSMUSG00000029833,ENSMUSG00000030541,ENSMUSG00000030762,ENSMUSG00000031443,ENSMUSG00000031665,ENSMUSG00000032119,ENSMUSG00000032418,ENSMUSG00000033105,ENSMUSG00000037370,ENSMUSG00000039450,ENSMUSG00000040181,ENSMUSG00000040938,ENSMUSG00000041220,ENSMUSG00000042010,ENSMUSG00000042248,ENSMUSG00000044254,ENSMUSG00000044350,ENSMUSG00000047617,ENSMUSG00000052131,ENSMUSG00000052656,ENSMUSG00000054757,ENSMUSG00000054827,ENSMUSG00000056148,ENSMUSG00000056973,ENSMUSG00000057074,ENSMUSG00000060807,ENSMUSG00000069456,ENSMUSG00000072115,ENSMUSG00000074207,ENSMUSG00000089960,ENSMUSG00000094410"
"Up-regulated",TRUE,0.00317449647111677,5,100,2,0.02,0.4,"GO:0097068","GO:BP","response to thyroxine",24936,17257,"GO:0043200;GO:0097066;GO:1901700;GO:1904386","IEA,IEA","ENSMUSG00000031443,ENSMUSG00000040584"
"Up-regulated",TRUE,0.00317449647111677,4803,100,35,0.35,0.00728711222152821,"GO:0051179","GO:BP","localization",24936,12665,"GO:0008150","IEA,IGI,ISS ISO IEA,IEA,IEA,IEA,ISS IEA,IDA ISS IEA,IMP,IDA,IEA,IEA,IMP ISS IEA,IDA IMP ISS IEA,IMP,IMP IGI IEA,IEA,IDA IMP IEA,IDA IGI IEA,ISO IEA,IDA IMP ISS IEA,ISS IEA,ISS ISO TAS IEA,IEA,ISS IEA,IEA,IDA IMP IEA,IEA,IEA,IMP IEA,ISO IEA,ISS,ISS,ISS ISO IEA,IMP","ENSMUSG00000002588,ENSMUSG00000005373,ENSMUSG00000008140,ENSMUSG00000010601,ENSMUSG00000015090,ENSMUSG00000017754,ENSMUSG00000020102,ENSMUSG00000020432,ENSMUSG00000020926,ENSMUSG00000021259,ENSMUSG00000023045,ENSMUSG00000023912,ENSMUSG00000024130,ENSMUSG00000024354,ENSMUSG00000027358,ENSMUSG00000027577,ENSMUSG00000028238,ENSMUSG00000030096,ENSMUSG00000030340,ENSMUSG00000030737,ENSMUSG00000030762,ENSMUSG00000032119,ENSMUSG00000032849,ENSMUSG00000037370,ENSMUSG00000038949,ENSMUSG00000040441,ENSMUSG00000040584,ENSMUSG00000040938,ENSMUSG00000041078,ENSMUSG00000042010,ENSMUSG00000044254,ENSMUSG00000057074,ENSMUSG00000072115,ENSMUSG00000078517,ENSMUSG00000094410"
"Up-regulated",TRUE,0.00317449647111677,5,100,2,0.02,0.4,"GO:0033594","GO:BP","response to hydroxyisoflavone",24936,7745,"GO:0080184;GO:1901654","IEA,IEA","ENSMUSG00000022445,ENSMUSG00000031443"
"Up-regulated",TRUE,0.00324152800918448,68,100,4,0.04,0.0588235294117647,"GO:0043648","GO:BP","dicarboxylic acid metabolic process",24936,10138,"GO:0019752","IEA,ISS IEA,ISS,ISS IEA","ENSMUSG00000020534,ENSMUSG00000020917,ENSMUSG00000030541,ENSMUSG00000032418"
"Up-regulated",TRUE,0.00375847968104858,28,100,3,0.03,0.107142857142857,"GO:0046164","GO:BP","alcohol catabolic process",24936,11146,"GO:0006066;GO:0044282","IDA ISS IEA,IDA IEA,IDA IMP","ENSMUSG00000021259,ENSMUSG00000023963,ENSMUSG00000074207"
"Up-regulated",TRUE,0.00384016989105113,396,100,8,0.08,0.0202020202020202,"GO:0006163","GO:BP","purine nucleotide metabolic process",24936,1895,"GO:0009117;GO:0072521","IDA IMP IEA,IDA TAS IEA,IDA IMP,IEA,IEA,IDA,IEA,IMP","ENSMUSG00000005373,ENSMUSG00000011148,ENSMUSG00000024899,ENSMUSG00000032418,ENSMUSG00000037370,ENSMUSG00000039450,ENSMUSG00000042010,ENSMUSG00000044350"
"Up-regulated",TRUE,0.00388793381737647,133,100,5,0.05,0.037593984962406,"GO:0031960","GO:BP","response to corticosteroid",24936,6839,"GO:0048545","IEA,IEA,IEA,IDA NAS,IEA","ENSMUSG00000015090,ENSMUSG00000024130,ENSMUSG00000027792,ENSMUSG00000030340,ENSMUSG00000040584"
"Up-regulated",TRUE,0.00389794072292213,72,100,4,0.04,0.0555555555555556,"GO:0032370","GO:BP","positive regulation of lipid transport",24936,7036,"GO:0006869;GO:0032368;GO:0051050;GO:1905954","IEA,IEA,ISS IEA,ISS","ENSMUSG00000002588,ENSMUSG00000017754,ENSMUSG00000024130,ENSMUSG00000057074"
"Up-regulated",TRUE,0.00441304678127808,6,100,2,0.02,0.333333333333333,"GO:1904386","GO:BP","response to L-phenylalanine derivative",24936,22072,"GO:1901698","IEA,IEA","ENSMUSG00000031443,ENSMUSG00000040584"
"Up-regulated",TRUE,0.00441304678127808,6,100,2,0.02,0.333333333333333,"GO:0080184","GO:BP","response to phenylpropanoid",24936,16672,"GO:0042221","IEA,IEA","ENSMUSG00000022445,ENSMUSG00000031443"
"Up-regulated",TRUE,0.00441304678127808,30,100,3,0.03,0.1,"GO:0045922","GO:BP","negative regulation of fatty acid metabolic process",24936,10939,"GO:0006631;GO:0019217;GO:0045833;GO:0062014","ISS IEA,IGI,IMP","ENSMUSG00000017146,ENSMUSG00000040181,ENSMUSG00000042010"
"Up-regulated",TRUE,0.00484620242756941,3943,100,30,0.3,0.00760841998478316,"GO:0006810","GO:BP","transport",24936,2362,"GO:0051234","IEA,IGI,IEA,IEA,IEA,ISS IEA,IDA ISS IEA,IEA,IEA,IMP ISS IEA,IDA IMP ISS IEA,IMP,IMP IGI IEA,IEA,IDA IMP IEA,IDA IGI IEA,ISO IEA,IDA IMP ISS IEA,ISS ISO TAS IEA,IEA,ISS IEA,IEA,IDA IMP IEA,IEA,IEA,IEA,ISO IEA,ISS,ISS,IMP","ENSMUSG00000002588,ENSMUSG00000005373,ENSMUSG00000010601,ENSMUSG00000015090,ENSMUSG00000017754,ENSMUSG00000020102,ENSMUSG00000020432,ENSMUSG00000023045,ENSMUSG00000023912,ENSMUSG00000024130,ENSMUSG00000024354,ENSMUSG00000027358,ENSMUSG00000027577,ENSMUSG00000028238,ENSMUSG00000030096,ENSMUSG00000030340,ENSMUSG00000030737,ENSMUSG00000030762,ENSMUSG00000032849,ENSMUSG00000037370,ENSMUSG00000038949,ENSMUSG00000040441,ENSMUSG00000040584,ENSMUSG00000040938,ENSMUSG00000041078,ENSMUSG00000042010,ENSMUSG00000044254,ENSMUSG00000057074,ENSMUSG00000072115,ENSMUSG00000094410"
"Up-regulated",TRUE,0.00484620242756941,903,100,12,0.12,0.0132890365448505,"GO:0033993","GO:BP","response to lipid",24936,7811,"GO:0042221","IEA,IEA,IDA,IEA,IEA,IEA,IMP,IDA NAS,IEA,IEA,IEA,IDA IEA","ENSMUSG00000015090,ENSMUSG00000017146,ENSMUSG00000020532,ENSMUSG00000024130,ENSMUSG00000027792,ENSMUSG00000027952,ENSMUSG00000029833,ENSMUSG00000030340,ENSMUSG00000031443,ENSMUSG00000040181,ENSMUSG00000040584,ENSMUSG00000074207"
"Up-regulated",TRUE,0.00484620242756941,141,100,5,0.05,0.0354609929078014,"GO:0055088","GO:BP","lipid homeostasis",24936,13263,"GO:0048878","ISS,IMP,IEA,IMP,ISS IEA","ENSMUSG00000005373,ENSMUSG00000020532,ENSMUSG00000023045,ENSMUSG00000024130,ENSMUSG00000044254"
"Up-regulated",TRUE,0.00498582720188675,222,100,6,0.06,0.027027027027027,"GO:1901654","GO:BP","response to ketone",24936,20211,"GO:1901700","IDA,IEA,IDA NAS,IEA,IEA,IDA IEA","ENSMUSG00000020532,ENSMUSG00000022445,ENSMUSG00000030340,ENSMUSG00000031443,ENSMUSG00000040584,ENSMUSG00000074207"
"Up-regulated",TRUE,0.00539780522416914,7,100,2,0.02,0.285714285714286,"GO:0033865","GO:BP","nucleoside bisphosphate metabolic process",24936,7803,"GO:0006753","IDA IMP,IEA","ENSMUSG00000024899,ENSMUSG00000037370"
"Up-regulated",TRUE,0.00539780522416914,7,100,2,0.02,0.285714285714286,"GO:0034035","GO:BP","purine ribonucleoside bisphosphate metabolic process",24936,7819,"GO:0033875;GO:0034032","IDA IMP,IEA","ENSMUSG00000024899,ENSMUSG00000037370"
"Up-regulated",TRUE,0.00539780522416914,7,100,2,0.02,0.285714285714286,"GO:0034032","GO:BP","purine nucleoside bisphosphate metabolic process",24936,7816,"GO:0033865;GO:0072521","IDA IMP,IEA","ENSMUSG00000024899,ENSMUSG00000037370"
"Up-regulated",TRUE,0.00539780522416914,8009,100,49,0.49,0.00611811711824198,"GO:0032501","GO:BP","multicellular organismal process",24936,7116,"GO:0008150","TAS,ISS,IEA,IMP IEA,IDA IGI IEA,IMP,IMP IEA,ISS IEA,IMP,IMP,IEA,IEA,IDA,TAS,IMP,IMP,IMP,IMP IEA,IEA,IMP,ISS,IDA IMP IGI ISS ISO IEA,IMP TAS IEA,IMP,IEA,IMP IGI ISS ISO IEA,IDA IMP IEP ISS IEA,ISS NAS IEA,IMP,IMP IEA,IEA,IMP,IEA,IDA IMP ISO IEA,TAS,IGI,IMP IEA,IMP,IMP,IMP IEA,IDA IMP IEP IEA,IEA,IDA,IMP,IMP,IMP,ISS ISO NAS IEA,IMP,IMP","ENSMUSG00000002588,ENSMUSG00000005373,ENSMUSG00000005677,ENSMUSG00000008140,ENSMUSG00000015090,ENSMUSG00000016194,ENSMUSG00000017146,ENSMUSG00000017754,ENSMUSG00000020532,ENSMUSG00000020926,ENSMUSG00000022445,ENSMUSG00000023045,ENSMUSG00000023832,ENSMUSG00000023963,ENSMUSG00000024130,ENSMUSG00000024354,ENSMUSG00000024899,ENSMUSG00000024992,ENSMUSG00000026295,ENSMUSG00000026471,ENSMUSG00000026938,ENSMUSG00000027358,ENSMUSG00000027577,ENSMUSG00000027605,ENSMUSG00000027792,ENSMUSG00000027820,ENSMUSG00000028024,ENSMUSG00000030340,ENSMUSG00000030762,ENSMUSG00000031443,ENSMUSG00000031665,ENSMUSG00000032119,ENSMUSG00000037370,ENSMUSG00000039114,ENSMUSG00000039824,ENSMUSG00000040181,ENSMUSG00000040584,ENSMUSG00000041078,ENSMUSG00000041220,ENSMUSG00000042010,ENSMUSG00000044254,ENSMUSG00000044350,ENSMUSG00000045776,ENSMUSG00000048240,ENSMUSG00000056973,ENSMUSG00000057074,ENSMUSG00000072115,ENSMUSG00000074207,ENSMUSG00000094410"
"Up-regulated",TRUE,0.00539780522416914,7,100,2,0.02,0.285714285714286,"GO:0033875","GO:BP","ribonucleoside bisphosphate metabolic process",24936,7806,"GO:0033865","IDA IMP,IEA","ENSMUSG00000024899,ENSMUSG00000037370"
"Up-regulated",TRUE,0.00539780522416914,7,100,2,0.02,0.285714285714286,"GO:0016127","GO:BP","sterol catabolic process",24936,4899,"GO:0006706;GO:0016125","IDA ISS IEA,IDA IEA","ENSMUSG00000021259,ENSMUSG00000023963"
"Up-regulated",TRUE,0.00539780522416914,7,100,2,0.02,0.285714285714286,"GO:0042904","GO:BP","9-cis-retinoic acid biosynthetic process",24936,9775,"GO:0002138;GO:0042905","IDA,IDA","ENSMUSG00000056148,ENSMUSG00000069456"
"Up-regulated",TRUE,0.00539780522416914,7,100,2,0.02,0.285714285714286,"GO:0042905","GO:BP","9-cis-retinoic acid metabolic process",24936,9776,"GO:0042573","IDA,IDA","ENSMUSG00000056148,ENSMUSG00000069456"
"Up-regulated",TRUE,0.00539780522416914,7,100,2,0.02,0.285714285714286,"GO:1901475","GO:BP","pyruvate transmembrane transport",24936,20109,"GO:0006848;GO:1905039","ISS IEA,IEA","ENSMUSG00000020102,ENSMUSG00000040938"
"Up-regulated",TRUE,0.00539780522416914,7,100,2,0.02,0.285714285714286,"GO:0006707","GO:BP","cholesterol catabolic process",24936,2290,"GO:0008203;GO:0016127;GO:0046164","IDA ISS IEA,IDA IEA","ENSMUSG00000021259,ENSMUSG00000023963"
"Up-regulated",TRUE,0.00539780522416914,7,100,2,0.02,0.285714285714286,"GO:2001293","GO:BP","malonyl-CoA metabolic process",24936,24514,"GO:0006637","IEA,IMP IEA","ENSMUSG00000020532,ENSMUSG00000042010"
"Up-regulated",TRUE,0.00539780522416914,7,100,2,0.02,0.285714285714286,"GO:0050427","GO:BP","3'-phosphoadenosine 5'-phosphosulfate metabolic process",24936,12330,"GO:0006790;GO:0009150;GO:0034035;GO:0043436","IDA IMP,IEA","ENSMUSG00000024899,ENSMUSG00000037370"
"Up-regulated",TRUE,0.00623801953082658,85,100,4,0.04,0.0470588235294118,"GO:0033273","GO:BP","response to vitamin",24936,7579,"GO:0007584","IEA,IMP,IEA,IEA","ENSMUSG00000027792,ENSMUSG00000029833,ENSMUSG00000031443,ENSMUSG00000040584"
"Up-regulated",TRUE,0.00691781314159691,8,100,2,0.02,0.25,"GO:0006848","GO:BP","pyruvate transport",24936,2385,"GO:0015718","ISS IEA,IEA","ENSMUSG00000020102,ENSMUSG00000040938"
"Up-regulated",TRUE,0.00691781314159691,37,100,3,0.03,0.0810810810810811,"GO:0006739","GO:BP","NADP+ metabolic process",24936,2313,"GO:0006163;GO:0046496","IEA,IDA,IEA","ENSMUSG00000032418,ENSMUSG00000039450,ENSMUSG00000042010"
"Up-regulated",TRUE,0.00691781314159691,8,100,2,0.02,0.25,"GO:0015727","GO:BP","lactate transport",24936,4607,"GO:0015718;GO:0015850","ISS IEA,IEA","ENSMUSG00000020102,ENSMUSG00000042010"
"Up-regulated",TRUE,0.00691781314159691,1397,100,15,0.15,0.0107372942018611,"GO:0009719","GO:BP","response to endogenous stimulus",24936,3457,"GO:0050896","IEA,IEA,IDA,IEA,IDA IMP IGI ISO TAS IEA,IEA,IEA,IMP ISS IEA,IDA NAS,IEA,ISS,IEA,IEA,IDA IEA,IDA IEA","ENSMUSG00000015090,ENSMUSG00000017146,ENSMUSG00000020532,ENSMUSG00000024130,ENSMUSG00000027358,ENSMUSG00000027792,ENSMUSG00000027820,ENSMUSG00000029833,ENSMUSG00000030340,ENSMUSG00000031443,ENSMUSG00000032418,ENSMUSG00000037370,ENSMUSG00000040584,ENSMUSG00000044254,ENSMUSG00000074207"
"Up-regulated",TRUE,0.00691781314159691,8,100,2,0.02,0.25,"GO:0035873","GO:BP","lactate transmembrane transport",24936,8701,"GO:0015727;GO:1905039","ISS IEA,IEA","ENSMUSG00000020102,ENSMUSG00000042010"
"Up-regulated",TRUE,0.00702342889689594,4866,100,34,0.34,0.00698725852856556,"GO:0042221","GO:BP","response to chemical",24936,9400,"GO:0050896","IMP IEA,IEA,IDA IMP IGI,ISS IEA,IEA,IEA,IDA,IEP IEA,IMP,ISS IEA,IEA,IEA,ISS IEA,IEA,IDA IMP IGI IEA,IEA,ISS IEA,IEA,IMP ISS IEA,IDA NAS,ISS IEA,IEA,ISS,IEP,IEA,IMP IEA,IDA IEA,IEA,IDA IEA,IEA,TAS,IDA,IDA IMP IEA,IMP","ENSMUSG00000002588,ENSMUSG00000003477,ENSMUSG00000005373,ENSMUSG00000006494,ENSMUSG00000015090,ENSMUSG00000017146,ENSMUSG00000020532,ENSMUSG00000020534,ENSMUSG00000020926,ENSMUSG00000021259,ENSMUSG00000022445,ENSMUSG00000024130,ENSMUSG00000024354,ENSMUSG00000026688,ENSMUSG00000027577,ENSMUSG00000027792,ENSMUSG00000027820,ENSMUSG00000027952,ENSMUSG00000029833,ENSMUSG00000030340,ENSMUSG00000030762,ENSMUSG00000031443,ENSMUSG00000032418,ENSMUSG00000033318,ENSMUSG00000037370,ENSMUSG00000040181,ENSMUSG00000040584,ENSMUSG00000042010,ENSMUSG00000044254,ENSMUSG00000052656,ENSMUSG00000056973,ENSMUSG00000072115,ENSMUSG00000074207,ENSMUSG00000094410"
"Up-regulated",TRUE,0.0085480868746333,94,100,4,0.04,0.0425531914893617,"GO:0051262","GO:BP","protein tetramerization",24936,12711,"GO:0051259","IDA,ISS IEA,ISS IEA,IEA","ENSMUSG00000020532,ENSMUSG00000020534,ENSMUSG00000032418,ENSMUSG00000042010"
"Up-regulated",TRUE,0.0085480868746333,9,100,2,0.02,0.222222222222222,"GO:0034379","GO:BP","very-low-density lipoprotein particle assembly",24936,8030,"GO:0034377","IEA,IMP","ENSMUSG00000023045,ENSMUSG00000056973"
"Up-regulated",TRUE,0.0085480868746333,40,100,3,0.03,0.075,"GO:0042908","GO:BP","xenobiotic transport",24936,9778,"GO:0006810","ISS IEA,TAS,IDA IMP IEA","ENSMUSG00000024130,ENSMUSG00000032849,ENSMUSG00000040584"
"Up-regulated",TRUE,0.00993111697540681,98,100,4,0.04,0.0408163265306122,"GO:0045833","GO:BP","negative regulation of lipid metabolic process",24936,10876,"GO:0006629;GO:0009892;GO:0019216","ISS IEA,IEA,IGI,IMP","ENSMUSG00000017146,ENSMUSG00000027358,ENSMUSG00000040181,ENSMUSG00000042010"
"Up-regulated",TRUE,0.0102860495543123,43,100,3,0.03,0.0697674418604651,"GO:0006692","GO:BP","prostanoid metabolic process",24936,2276,"GO:0006690;GO:0033559","IDA ISS IEA,ISS IEA,IEA","ENSMUSG00000015090,ENSMUSG00000026688,ENSMUSG00000052131"
"Up-regulated",TRUE,0.0103526582544355,10,100,2,0.02,0.2,"GO:0015747","GO:BP","urate transport",24936,4627,"GO:0015711;GO:0071705","IEA,ISS IEA","ENSMUSG00000024354,ENSMUSG00000032849"
"Up-regulated",TRUE,0.0103526582544355,10,100,2,0.02,0.2,"GO:0002003","GO:BP","angiotensin maturation",24936,593,"GO:0002002;GO:0016486","IMP IGI ISO,IDA IMP","ENSMUSG00000027820,ENSMUSG00000028024"
"Up-regulated",TRUE,0.010757993209423,870,100,11,0.11,0.0126436781609195,"GO:0048878","GO:BP","chemical homeostasis",24936,12266,"GO:0042592","IDA IMP IGI ISS,IMP,IEA,IMP,IMP,IDA ISS IEA,IEA,IEA,ISS IEA,ISS IEA,IMP","ENSMUSG00000005373,ENSMUSG00000020532,ENSMUSG00000023045,ENSMUSG00000024130,ENSMUSG00000029833,ENSMUSG00000030340,ENSMUSG00000037370,ENSMUSG00000042010,ENSMUSG00000044254,ENSMUSG00000044350,ENSMUSG00000094410"
"Up-regulated",TRUE,0.0113907629889336,2141,100,19,0.19,0.00887435777673984,"GO:0009056","GO:BP","catabolic process",24936,3092,"GO:0008152","IEA,IEA,IDA IMP IEA,IEA,IDA ISS IEA,IC,IDA IEA,IDA ISO IEA,IEA,ISS IEA,IMP IEA,IEA,IDA ISO,IMP,IMP ISS IEA,IEA,IDA IMP NAS IEA,IDA,IDA IMP IEA","ENSMUSG00000002588,ENSMUSG00000002847,ENSMUSG00000005373,ENSMUSG00000020534,ENSMUSG00000021259,ENSMUSG00000021416,ENSMUSG00000023963,ENSMUSG00000025464,ENSMUSG00000026307,ENSMUSG00000027820,ENSMUSG00000029833,ENSMUSG00000037370,ENSMUSG00000039450,ENSMUSG00000042010,ENSMUSG00000044254,ENSMUSG00000052656,ENSMUSG00000056973,ENSMUSG00000072115,ENSMUSG00000074207"
"Up-regulated",TRUE,0.011513892305112,742,100,10,0.1,0.0134770889487871,"GO:0071705","GO:BP","nitrogen compound transport",24936,15728,"GO:0006810","IGI,IEA,IDA ISS IEA,IEA,IMP,IDA IMP IEA,IDA ISS IEA,ISS IEA,IDA IEA,IMP","ENSMUSG00000005373,ENSMUSG00000017754,ENSMUSG00000020432,ENSMUSG00000024354,ENSMUSG00000027577,ENSMUSG00000030096,ENSMUSG00000030762,ENSMUSG00000032849,ENSMUSG00000040584,ENSMUSG00000094410"
"Up-regulated",TRUE,0.0118729265047381,11,100,2,0.02,0.181818181818182,"GO:0002002","GO:BP","regulation of angiotensin levels in blood",24936,592,"GO:0001991;GO:0010817","IMP IGI ISO,IDA IMP","ENSMUSG00000027820,ENSMUSG00000028024"
"Up-regulated",TRUE,0.0118729265047381,11,100,2,0.02,0.181818181818182,"GO:0046618","GO:BP","xenobiotic export from cell",24936,11420,"GO:0042908;GO:0055085;GO:0140352","ISS IEA,IDA IEA","ENSMUSG00000024130,ENSMUSG00000040584"
"Up-regulated",TRUE,0.0118729265047381,11,100,2,0.02,0.181818181818182,"GO:0046459","GO:BP","short-chain fatty acid metabolic process",24936,11342,"GO:0006631","IEA,IDA","ENSMUSG00000027605,ENSMUSG00000056973"
"Up-regulated",TRUE,0.0118729265047381,11,100,2,0.02,0.181818181818182,"GO:0045050","GO:BP","protein insertion into ER membrane by stop-transfer membrane-anchor sequence",24936,10490,"GO:0045048","ISS ISO IEA,ISS ISO IEA","ENSMUSG00000008140,ENSMUSG00000078517"
"Up-regulated",TRUE,0.0118729265047381,11,100,2,0.02,0.181818181818182,"GO:0016102","GO:BP","diterpenoid biosynthetic process",24936,4876,"GO:0016101;GO:0016114","IDA,IDA","ENSMUSG00000056148,ENSMUSG00000069456"
"Up-regulated",TRUE,0.0118729265047381,11,100,2,0.02,0.181818181818182,"GO:0002138","GO:BP","retinoic acid biosynthetic process",24936,691,"GO:0016102;GO:0042573;GO:0072330","IDA,IDA","ENSMUSG00000056148,ENSMUSG00000069456"
"Up-regulated",TRUE,0.0120004861810788,276,100,6,0.06,0.0217391304347826,"GO:0001666","GO:BP","response to hypoxia",24936,364,"GO:0006950;GO:0036293","ISS IEA,IMP,IEA,IEA,IEA,ISS","ENSMUSG00000006494,ENSMUSG00000027358,ENSMUSG00000027577,ENSMUSG00000031443,ENSMUSG00000040584,ENSMUSG00000072115"
"Up-regulated",TRUE,0.0133769733872562,901,100,11,0.11,0.0122086570477248,"GO:1901698","GO:BP","response to nitrogen compound",24936,20235,"GO:0042221","IEA,IEA,IDA,IEA,IEA,NAS,IEA,IEA,IEA,IEA,IDA IEA","ENSMUSG00000017146,ENSMUSG00000020534,ENSMUSG00000027577,ENSMUSG00000027792,ENSMUSG00000029833,ENSMUSG00000030340,ENSMUSG00000030762,ENSMUSG00000031443,ENSMUSG00000037370,ENSMUSG00000040584,ENSMUSG00000044254"
"Up-regulated",TRUE,0.0139352426029042,12,100,2,0.02,0.166666666666667,"GO:0006855","GO:BP","xenobiotic transmembrane transport",24936,2390,"GO:0042908;GO:0055085","ISS IEA,TAS","ENSMUSG00000024130,ENSMUSG00000032849"
"Up-regulated",TRUE,0.0151344454638511,51,100,3,0.03,0.0588235294117647,"GO:1902653","GO:BP","secondary alcohol biosynthetic process",24936,20879,"GO:0046165;GO:1902652","IEA,ISS IEA,IEA","ENSMUSG00000027952,ENSMUSG00000030762,ENSMUSG00000033105"
"Up-regulated",TRUE,0.0151344454638511,113,100,4,0.04,0.0353982300884956,"GO:0062014","GO:BP","negative regulation of small molecule metabolic process",24936,14681,"GO:0009892;GO:0044281;GO:0062012","ISS IEA,IEA,IGI,IMP","ENSMUSG00000017146,ENSMUSG00000027358,ENSMUSG00000040181,ENSMUSG00000042010"
"Up-regulated",TRUE,0.0151344454638511,51,100,3,0.03,0.0588235294117647,"GO:0006695","GO:BP","cholesterol biosynthetic process",24936,2279,"GO:0008203;GO:0016126;GO:1902653","IEA,ISS IEA,IEA","ENSMUSG00000027952,ENSMUSG00000030762,ENSMUSG00000033105"
"Up-regulated",TRUE,0.0160126693584784,13,100,2,0.02,0.153846153846154,"GO:0035627","GO:BP","ceramide transport",24936,8536,"GO:0006869;GO:0071705","IEA,IDA","ENSMUSG00000017754,ENSMUSG00000040584"
"Up-regulated",TRUE,0.0163036471524482,116,100,4,0.04,0.0344827586206897,"GO:0046165","GO:BP","alcohol biosynthetic process",24936,11147,"GO:0006066;GO:0044283","IEA,IEA,ISS IEA,IEA","ENSMUSG00000027358,ENSMUSG00000027952,ENSMUSG00000030762,ENSMUSG00000033105"
"Up-regulated",TRUE,0.0172589483890273,118,100,4,0.04,0.0338983050847458,"GO:0051384","GO:BP","response to glucocorticoid",24936,12777,"GO:0031960","IEA,IEA,IEA,IEA","ENSMUSG00000015090,ENSMUSG00000024130,ENSMUSG00000027792,ENSMUSG00000040584"
"Up-regulated",TRUE,0.0173574884340753,300,100,6,0.06,0.02,"GO:0016042","GO:BP","lipid catabolic process",24936,4834,"GO:0006629;GO:0009056","IEA,IDA ISS IEA,IC,IDA IEA,IMP,IDA IMP NAS IEA","ENSMUSG00000002847,ENSMUSG00000021259,ENSMUSG00000021416,ENSMUSG00000023963,ENSMUSG00000042010,ENSMUSG00000056973"
"Up-regulated",TRUE,0.0173574884340753,202,100,5,0.05,0.0247524752475248,"GO:0051260","GO:BP","protein homooligomerization",24936,12709,"GO:0051259","IDA,ISS IEA,IEA,ISS IEA,IEA","ENSMUSG00000020532,ENSMUSG00000020534,ENSMUSG00000024130,ENSMUSG00000032418,ENSMUSG00000042010"
"Up-regulated",TRUE,0.0180595359538664,14,100,2,0.02,0.142857142857143,"GO:0046322","GO:BP","negative regulation of fatty acid oxidation",24936,11261,"GO:0019395;GO:0045922;GO:0046320","IGI,IMP","ENSMUSG00000040181,ENSMUSG00000042010"
"Up-regulated",TRUE,0.0180595359538664,2074,100,18,0.18,0.00867888138862102,"GO:0070887","GO:BP","cellular response to chemical stimulus",24936,15231,"GO:0042221;GO:0051716","IDA IMP IGI,ISS IEA,IEA,IDA,IEA,ISS IEA,IEA,IDA,IMP ISS IEA,IDA NAS,ISS IEA,IEA,IEA,IMP,IEA,IDA IEA,IDA,IMP","ENSMUSG00000005373,ENSMUSG00000006494,ENSMUSG00000017146,ENSMUSG00000020532,ENSMUSG00000020534,ENSMUSG00000021259,ENSMUSG00000026688,ENSMUSG00000027577,ENSMUSG00000029833,ENSMUSG00000030340,ENSMUSG00000030762,ENSMUSG00000031443,ENSMUSG00000037370,ENSMUSG00000040181,ENSMUSG00000040584,ENSMUSG00000044254,ENSMUSG00000072115,ENSMUSG00000094410"
"Up-regulated",TRUE,0.0187632023693498,306,100,6,0.06,0.0196078431372549,"GO:0036293","GO:BP","response to decreased oxygen levels",24936,8921,"GO:0070482","ISS IEA,IMP,IEA,IEA,IEA,ISS","ENSMUSG00000006494,ENSMUSG00000027358,ENSMUSG00000027577,ENSMUSG00000031443,ENSMUSG00000040584,ENSMUSG00000072115"
"Up-regulated",TRUE,0.019771810670403,57,100,3,0.03,0.0526315789473684,"GO:0016126","GO:BP","sterol biosynthetic process",24936,4898,"GO:0006694;GO:0016125","IEA,ISS IEA,IEA","ENSMUSG00000027952,ENSMUSG00000030762,ENSMUSG00000033105"
"Up-regulated",TRUE,0.0231330109795968,16,100,2,0.02,0.125,"GO:1904478","GO:BP","regulation of intestinal absorption",24936,22139,"GO:0044058;GO:0050892","IDA,IEA","ENSMUSG00000023832,ENSMUSG00000040584"
"Up-regulated",TRUE,0.024807357302397,132,100,4,0.04,0.0303030303030303,"GO:1905039","GO:BP","carboxylic acid transmembrane transport",24936,22566,"GO:0046942;GO:0055085","ISS IEA,IDA IMP IEA,IEA,IEA","ENSMUSG00000020102,ENSMUSG00000024354,ENSMUSG00000040938,ENSMUSG00000042010"
"Up-regulated",TRUE,0.0249866443506446,441,100,7,0.07,0.0158730158730159,"GO:0031667","GO:BP","response to nutrient levels",24936,6808,"GO:0050896","IDA IMP IGI,IEA,IMP,IEA,IEA,IMP IEA,IDA IEA","ENSMUSG00000005373,ENSMUSG00000027792,ENSMUSG00000029833,ENSMUSG00000031443,ENSMUSG00000040584,ENSMUSG00000042010,ENSMUSG00000044254"
"Up-regulated",TRUE,0.0256868377078468,17,100,2,0.02,0.117647058823529,"GO:0071816","GO:BP","tail-anchored membrane protein insertion into ER membrane",24936,15782,"GO:0045048","ISS ISO IEA,ISS ISO IEA","ENSMUSG00000008140,ENSMUSG00000078517"
"Up-regulated",TRUE,0.0256868377078468,328,100,6,0.06,0.0182926829268293,"GO:0009410","GO:BP","response to xenobiotic stimulus",24936,3319,"GO:0042221","ISS IEA,IEA,IEA,IMP,IEA,IEA","ENSMUSG00000021259,ENSMUSG00000022445,ENSMUSG00000027792,ENSMUSG00000040181,ENSMUSG00000040584,ENSMUSG00000042010"
"Up-regulated",TRUE,0.0261921312150407,1634,100,15,0.15,0.00917992656058752,"GO:0042592","GO:BP","homeostatic process",24936,9598,"GO:0008150","IDA IMP IGI ISS,IMP,IEA,IMP,IMP,IDA ISS IEA,IEA,IGI,IEA,IMP,IMP IEA,ISS IEA,ISS IEA,IMP,IMP","ENSMUSG00000005373,ENSMUSG00000020532,ENSMUSG00000023045,ENSMUSG00000024130,ENSMUSG00000029833,ENSMUSG00000030340,ENSMUSG00000037370,ENSMUSG00000040181,ENSMUSG00000040584,ENSMUSG00000041220,ENSMUSG00000042010,ENSMUSG00000044254,ENSMUSG00000044350,ENSMUSG00000056973,ENSMUSG00000094410"
"Up-regulated",TRUE,0.0283291402479509,18,100,2,0.02,0.111111111111111,"GO:0010984","GO:BP","regulation of lipoprotein particle clearance",24936,4343,"GO:0034381;GO:0051239","IEA,IMP","ENSMUSG00000044254,ENSMUSG00000057074"
"Up-regulated",TRUE,0.0284692921714164,336,100,6,0.06,0.0178571428571429,"GO:0046486","GO:BP","glycerolipid metabolic process",24936,11358,"GO:0006629","IEA,IMP,IMP ISS IEA,IDA,IDA,IMP","ENSMUSG00000002588,ENSMUSG00000020669,ENSMUSG00000024130,ENSMUSG00000044254,ENSMUSG00000056973,ENSMUSG00000057074"
"Up-regulated",TRUE,0.0299815376355354,233,100,5,0.05,0.0214592274678112,"GO:0030324","GO:BP","lung development",24936,6333,"GO:0030323;GO:0048513;GO:0060541","IMP,IMP,IMP,IEA,IEA","ENSMUSG00000016194,ENSMUSG00000024130,ENSMUSG00000024354,ENSMUSG00000027358,ENSMUSG00000027820"
"Up-regulated",TRUE,0.03073844418464,726,100,9,0.09,0.012396694214876,"GO:0007610","GO:BP","behavior",24936,2927,"GO:0032501","IDA,IMP,IMP IEA,IMP,IEA,IEA,IMP,IMP,IMP","ENSMUSG00000015090,ENSMUSG00000020926,ENSMUSG00000027577,ENSMUSG00000027605,ENSMUSG00000027792,ENSMUSG00000027820,ENSMUSG00000041078,ENSMUSG00000048240,ENSMUSG00000074207"
"Up-regulated",TRUE,0.0308697663363522,19,100,2,0.02,0.105263157894737,"GO:0010878","GO:BP","cholesterol storage",24936,4257,"GO:0019915","IGI,ISS","ENSMUSG00000023045,ENSMUSG00000057074"
"Up-regulated",TRUE,0.0309576312284305,728,100,9,0.09,0.0123626373626374,"GO:0051050","GO:BP","positive regulation of transport",24936,12589,"GO:0006810;GO:0048518;GO:0051049","IEA,IGI,IEA,ISS IEA,IMP,ISS IEA,IEA,ISS,ISS","ENSMUSG00000002588,ENSMUSG00000005373,ENSMUSG00000017754,ENSMUSG00000024130,ENSMUSG00000027358,ENSMUSG00000038949,ENSMUSG00000044254,ENSMUSG00000057074,ENSMUSG00000072115"
"Up-regulated",TRUE,0.0309765300219154,236,100,5,0.05,0.0211864406779661,"GO:0030323","GO:BP","respiratory tube development",24936,6332,"GO:0035295;GO:0048513","IMP,IMP,IMP,IEA,IEA","ENSMUSG00000016194,ENSMUSG00000024130,ENSMUSG00000024354,ENSMUSG00000027358,ENSMUSG00000027820"
"Up-regulated",TRUE,0.0320373207054157,1183,100,12,0.12,0.0101437024513948,"GO:1901701","GO:BP","cellular response to oxygen-containing compound",24936,20238,"GO:0070887;GO:1901700","IDA IGI,IEA,IDA,IEA,IDA,IMP,IDA NAS,IEA,IEA,IEA,IDA IEA,IMP","ENSMUSG00000005373,ENSMUSG00000017146,ENSMUSG00000020532,ENSMUSG00000020534,ENSMUSG00000027577,ENSMUSG00000029833,ENSMUSG00000030340,ENSMUSG00000030762,ENSMUSG00000037370,ENSMUSG00000040584,ENSMUSG00000044254,ENSMUSG00000094410"
"Up-regulated",TRUE,0.0323738176107649,145,100,4,0.04,0.0275862068965517,"GO:0015748","GO:BP","organophosphate ester transport",24936,4628,"GO:0006810","IEA,ISS IEA,ISS IEA,IDA","ENSMUSG00000017754,ENSMUSG00000024130,ENSMUSG00000032849,ENSMUSG00000040584"
"Up-regulated",TRUE,0.0326814046866487,881,100,10,0.1,0.0113507377979569,"GO:0046903","GO:BP","secretion",24936,11589,"GO:0006810","IGI,IEA,IMP,IMP,ISO IEA,IEA,IEA,ISS,ISS,IMP","ENSMUSG00000005373,ENSMUSG00000015090,ENSMUSG00000027358,ENSMUSG00000027577,ENSMUSG00000032849,ENSMUSG00000040584,ENSMUSG00000042010,ENSMUSG00000057074,ENSMUSG00000072115,ENSMUSG00000094410"
"Up-regulated",TRUE,0.0329158802117642,20,100,2,0.02,0.1,"GO:0006706","GO:BP","steroid catabolic process",24936,2289,"GO:0008202;GO:0016042","IDA ISS IEA,IDA IEA","ENSMUSG00000021259,ENSMUSG00000023963"
"Up-regulated",TRUE,0.0329158802117642,20,100,2,0.02,0.1,"GO:0097066","GO:BP","response to thyroid hormone",24936,17255,"GO:0009725","IEA,IEA","ENSMUSG00000031443,ENSMUSG00000040584"
"Up-regulated",TRUE,0.0340986099927346,148,100,4,0.04,0.027027027027027,"GO:0006575","GO:BP","modified amino acid metabolic process",24936,2178,"GO:0008152","IDA,IDA,IMP ISS IEA,ISO","ENSMUSG00000001665,ENSMUSG00000020010,ENSMUSG00000020534,ENSMUSG00000033318"
"Up-regulated",TRUE,0.0357068679288764,73,100,3,0.03,0.0410958904109589,"GO:0050810","GO:BP","regulation of steroid biosynthetic process",24936,12414,"GO:0006694;GO:0019218;GO:0046890","IEA,ISS IEA,ISS","ENSMUSG00000027358,ENSMUSG00000030762,ENSMUSG00000057074"
"Up-regulated",TRUE,0.0357068679288764,21,100,2,0.02,0.0952380952380952,"GO:0008211","GO:BP","glucocorticoid metabolic process",24936,2998,"GO:0008202","IEA,IMP","ENSMUSG00000027358,ENSMUSG00000060807"
"Up-regulated",TRUE,0.0372760434112209,1,100,1,0.01,1,"GO:1901307","GO:BP","positive regulation of spermidine biosynthetic process",24936,19988,"GO:0008295;GO:0009891;GO:0033240;GO:1901304","IEA","ENSMUSG00000025464"
"Up-regulated",TRUE,0.0372760434112209,1,100,1,0.01,1,"GO:1904481","GO:BP","response to tetrahydrofolate",24936,22142,"GO:1901698;GO:1901700","IEA","ENSMUSG00000020534"
"Up-regulated",TRUE,0.0372760434112209,75,100,3,0.03,0.04,"GO:1900542","GO:BP","regulation of purine nucleotide metabolic process",24936,19465,"GO:0006140;GO:0006163","IDA IMP IEA,IEA,IMP","ENSMUSG00000005373,ENSMUSG00000032418,ENSMUSG00000044350"
"Up-regulated",TRUE,0.0372760434112209,1,100,1,0.01,1,"GO:1905231","GO:BP","cellular response to borneol",24936,22700,"GO:0071396;GO:1905230","IEA","ENSMUSG00000040584"
"Up-regulated",TRUE,0.0372760434112209,1,100,1,0.01,1,"GO:1904482","GO:BP","cellular response to tetrahydrofolate",24936,22143,"GO:1901699;GO:1901701;GO:1904481","IEA","ENSMUSG00000020534"
"Up-regulated",TRUE,0.0372760434112209,1,100,1,0.01,1,"GO:1904444","GO:BP","regulation of establishment of Sertoli cell barrier",24936,22116,"GO:0060284;GO:0097368;GO:2000241","IEA","ENSMUSG00000040584"
"Up-regulated",TRUE,0.0372760434112209,1,100,1,0.01,1,"GO:1904446","GO:BP","positive regulation of establishment of Sertoli cell barrier",24936,22118,"GO:0010720;GO:0097368;GO:1904444;GO:2000243","IEA","ENSMUSG00000040584"
"Up-regulated",TRUE,0.0372760434112209,1,100,1,0.01,1,"GO:1905233","GO:BP","response to codeine",24936,22702,"GO:0014072","IEA","ENSMUSG00000040584"
"Up-regulated",TRUE,0.0372760434112209,1,100,1,0.01,1,"GO:1901304","GO:BP","regulation of spermidine biosynthetic process",24936,19986,"GO:0008295;GO:0010967","IEA","ENSMUSG00000025464"
"Up-regulated",TRUE,0.0372760434112209,76,100,3,0.03,0.0394736842105263,"GO:1901264","GO:BP","carbohydrate derivative transport",24936,19955,"GO:0006810","IEA,ISS IEA,IEA","ENSMUSG00000017754,ENSMUSG00000032849,ENSMUSG00000040584"
"Up-regulated",TRUE,0.0372760434112209,1,100,1,0.01,1,"GO:1901571","GO:BP","fatty acid derivative transport",24936,20167,"GO:0006869","ISO","ENSMUSG00000032849"
"Up-regulated",TRUE,0.0372760434112209,1,100,1,0.01,1,"GO:0097327","GO:BP","response to antineoplastic agent",24936,17378,"GO:0042221","IEA","ENSMUSG00000040584"
"Up-regulated",TRUE,0.0372760434112209,1,100,1,0.01,1,"GO:1904148","GO:BP","cellular response to nonylphenol",24936,21896,"GO:0070887;GO:1904147","IEA","ENSMUSG00000040584"
"Up-regulated",TRUE,0.0372760434112209,1,100,1,0.01,1,"GO:1903328","GO:BP","positive regulation of tRNA metabolic process",24936,21308,"GO:0006399;GO:0051254;GO:1903326","IDA","ENSMUSG00000072115"
"Up-regulated",TRUE,0.0372760434112209,1,100,1,0.01,1,"GO:1904147","GO:BP","response to nonylphenol",24936,21895,"GO:0042221","IEA","ENSMUSG00000040584"
"Up-regulated",TRUE,0.0372760434112209,1,100,1,0.01,1,"GO:1905217","GO:BP","response to astaxanthin",24936,22690,"GO:0033993","IEA","ENSMUSG00000031443"
"Up-regulated",TRUE,0.0372760434112209,1,100,1,0.01,1,"GO:1905230","GO:BP","response to borneol",24936,22699,"GO:0033993","IEA","ENSMUSG00000040584"
"Up-regulated",TRUE,0.0372760434112209,1,100,1,0.01,1,"GO:0140157","GO:BP","ammonium import across plasma membrane",24936,18420,"GO:0072488;GO:0098659","IDA","ENSMUSG00000030762"
"Up-regulated",TRUE,0.0372760434112209,1,100,1,0.01,1,"GO:0002854","GO:BP","positive regulation of T cell mediated cytotoxicity directed against tumor cell target",24936,1318,"GO:0001916;GO:0002419;GO:0002842;GO:0002852","ISS IEA","ENSMUSG00000026471"
"Up-regulated",TRUE,0.0372760434112209,1,100,1,0.01,1,"GO:0061837","GO:BP","neuropeptide processing",24936,14584,"GO:0140448","IEA","ENSMUSG00000027820"
"Up-regulated",TRUE,0.0372760434112209,365,100,6,0.06,0.0164383561643836,"GO:0070482","GO:BP","response to oxygen levels",24936,15030,"GO:0009628","ISS IEA,IMP,IEA,IEA,IEA,ISS","ENSMUSG00000006494,ENSMUSG00000027358,ENSMUSG00000027577,ENSMUSG00000031443,ENSMUSG00000040584,ENSMUSG00000072115"
"Up-regulated",TRUE,0.0372760434112209,1,100,1,0.01,1,"GO:0090459","GO:BP","intracellular aspartate homeostasis",24936,17088,"GO:0080144","IEA","ENSMUSG00000042010"
"Up-regulated",TRUE,0.0372760434112209,1,100,1,0.01,1,"GO:1902372","GO:BP","positive regulation of tRNA catabolic process",24936,20725,"GO:0009896;GO:0016078;GO:1902370;GO:1903328","IDA","ENSMUSG00000072115"
"Up-regulated",TRUE,0.0372760434112209,1,100,1,0.01,1,"GO:0036417","GO:BP","tRNA destabilization",24936,8978,"GO:0036415;GO:0050779;GO:1902372","IDA","ENSMUSG00000072115"
"Up-regulated",TRUE,0.0372760434112209,1,100,1,0.01,1,"GO:0043215","GO:BP","daunorubicin transport",24936,9910,"GO:0015695;GO:0071705;GO:1901656","IEA","ENSMUSG00000040584"
"Up-regulated",TRUE,0.0372760434112209,1,100,1,0.01,1,"GO:0010189","GO:BP","vitamin E biosynthetic process",24936,3809,"GO:0042360;GO:0042362","IMP","ENSMUSG00000017754"
"Up-regulated",TRUE,0.0372760434112209,22,100,2,0.02,0.0909090909090909,"GO:0001991","GO:BP","regulation of systemic arterial blood pressure by circulatory renin-angiotensin",24936,581,"GO:0003081","IMP IGI ISO,IDA IMP","ENSMUSG00000027820,ENSMUSG00000028024"
"Up-regulated",TRUE,0.0372760434112209,1,100,1,0.01,1,"GO:0046722","GO:BP","lactic acid secretion",24936,11505,"GO:0035879;GO:0046717","IEA","ENSMUSG00000042010"
"Up-regulated",TRUE,0.0372760434112209,1,100,1,0.01,1,"GO:0003133","GO:BP","endodermal-mesodermal cell signaling",24936,1514,"GO:0007267","IEA","ENSMUSG00000027358"
"Up-regulated",TRUE,0.0372760434112209,1,100,1,0.01,1,"GO:0051042","GO:BP","negative regulation of calcium-independent cell-cell adhesion",24936,12581,"GO:0016338;GO:0022408;GO:0051040","IEA","ENSMUSG00000027358"
"Up-regulated",TRUE,0.0372760434112209,22,100,2,0.02,0.0909090909090909,"GO:0006699","GO:BP","bile acid biosynthetic process",24936,2282,"GO:0008206;GO:0072330","IDA IEA,ISS","ENSMUSG00000023963,ENSMUSG00000057074"
"Up-regulated",TRUE,0.0372760434112209,76,100,3,0.03,0.0394736842105263,"GO:0006140","GO:BP","regulation of nucleotide metabolic process",24936,1883,"GO:0009117;GO:0019219;GO:0051174;GO:0062012","IDA IMP IEA,IEA,IMP","ENSMUSG00000005373,ENSMUSG00000032418,ENSMUSG00000044350"
"Up-regulated",TRUE,0.0372760434112209,1,100,1,0.01,1,"GO:0002419","GO:BP","T cell mediated cytotoxicity directed against tumor cell target",24936,902,"GO:0001913;GO:0002424","ISS IEA","ENSMUSG00000026471"
"Up-regulated",TRUE,0.0372760434112209,1,100,1,0.01,1,"GO:0002852","GO:BP","regulation of T cell mediated cytotoxicity directed against tumor cell target",24936,1316,"GO:0001914;GO:0002419;GO:0002840","ISS IEA","ENSMUSG00000026471"
"Up-regulated",TRUE,0.0372760434112209,1,100,1,0.01,1,"GO:0010967","GO:BP","regulation of polyamine biosynthetic process",24936,4329,"GO:0006596;GO:0009889;GO:0033238;GO:0080090","IEA","ENSMUSG00000025464"
"Up-regulated",TRUE,0.0372760434112209,1,100,1,0.01,1,"GO:0036146","GO:BP","cellular response to mycotoxin",24936,8842,"GO:0010046;GO:0097237","IEA","ENSMUSG00000040584"
"Up-regulated",TRUE,0.0372760434112209,1,100,1,0.01,1,"GO:0032464","GO:BP","positive regulation of protein homooligomerization",24936,7084,"GO:0032461;GO:0032462;GO:0051260","IEA","ENSMUSG00000024130"
"Up-regulated",TRUE,0.0372760434112209,1,100,1,0.01,1,"GO:0016261","GO:BP","selenocysteine catabolic process",24936,4943,"GO:0016259;GO:1901606","IEA","ENSMUSG00000026307"
"Up-regulated",TRUE,0.0372760434112209,1,100,1,0.01,1,"GO:0016104","GO:BP","triterpenoid biosynthetic process",24936,4878,"GO:0006722;GO:0016114","IEA","ENSMUSG00000033105"
"Up-regulated",TRUE,0.0375722647501377,161,100,4,0.04,0.0248447204968944,"GO:0046496","GO:BP","nicotinamide nucleotide metabolic process",24936,11365,"GO:0009117;GO:0072524","IDA IMP IEA,IEA,IDA,IEA","ENSMUSG00000005373,ENSMUSG00000032418,ENSMUSG00000039450,ENSMUSG00000042010"
"Up-regulated",TRUE,0.037629145679348,636,100,8,0.08,0.0125786163522013,"GO:1901699","GO:BP","cellular response to nitrogen compound",24936,20236,"GO:0070887;GO:1901698","IEA,IEA,IDA,NAS,IEA,IEA,IEA,IDA IEA","ENSMUSG00000017146,ENSMUSG00000020534,ENSMUSG00000027577,ENSMUSG00000030340,ENSMUSG00000030762,ENSMUSG00000037370,ENSMUSG00000040584,ENSMUSG00000044254"
"Up-regulated",TRUE,0.0378956723934812,24,100,2,0.02,0.0833333333333333,"GO:0015732","GO:BP","prostaglandin transport",24936,4612,"GO:0015908;GO:0071715","IEA,ISS ISO IEA","ENSMUSG00000030737,ENSMUSG00000032849"
"Up-regulated",TRUE,0.0378956723934812,24,100,2,0.02,0.0833333333333333,"GO:0070723","GO:BP","response to cholesterol",24936,15149,"GO:0036314;GO:0097305","IEA,IEA","ENSMUSG00000027952,ENSMUSG00000031443"
"Up-regulated",TRUE,0.0381289620825945,263,100,5,0.05,0.0190114068441065,"GO:0060541","GO:BP","respiratory system development",24936,13725,"GO:0048731","IMP,IMP,IMP,IEA,IEA","ENSMUSG00000016194,ENSMUSG00000024130,ENSMUSG00000024354,ENSMUSG00000027358,ENSMUSG00000027820"
"Up-regulated",TRUE,0.0407310814095462,25,100,2,0.02,0.08,"GO:0008207","GO:BP","C21-steroid hormone metabolic process",24936,2994,"GO:0008202;GO:0042445","ISS IEA,IEA","ENSMUSG00000021259,ENSMUSG00000027358"
"Up-regulated",TRUE,0.0411029452469738,83,100,3,0.03,0.036144578313253,"GO:0009062","GO:BP","fatty acid catabolic process",24936,3098,"GO:0006631;GO:0016042;GO:0072329","IC,IMP,IDA","ENSMUSG00000021416,ENSMUSG00000042010,ENSMUSG00000056973"
"Up-regulated",TRUE,0.0413891651303959,269,100,5,0.05,0.0185873605947955,"GO:0051259","GO:BP","protein complex oligomerization",24936,12708,"GO:0065003","IDA,ISS IEA,IEA,ISS IEA,IEA","ENSMUSG00000020532,ENSMUSG00000020534,ENSMUSG00000024130,ENSMUSG00000032418,ENSMUSG00000042010"
"Up-regulated",TRUE,0.0421973495450241,168,100,4,0.04,0.0238095238095238,"GO:0072524","GO:BP","pyridine-containing compound metabolic process",24936,16248,"GO:0008152","IDA IMP IEA,IEA,IDA,IEA","ENSMUSG00000005373,ENSMUSG00000032418,ENSMUSG00000039450,ENSMUSG00000042010"
"Up-regulated",TRUE,0.0433746855131679,85,100,3,0.03,0.0352941176470588,"GO:0019233","GO:BP","sensory perception of pain",24936,5284,"GO:0007600","IMP TAS,IMP,IEA","ENSMUSG00000027577,ENSMUSG00000027820,ENSMUSG00000040584"
"Up-regulated",TRUE,0.0445341448788579,171,100,4,0.04,0.0233918128654971,"GO:0006109","GO:BP","regulation of carbohydrate metabolic process",24936,1867,"GO:0005975;GO:0080090","IDA IMP IEA,ISS IEA,IEA,IMP","ENSMUSG00000005373,ENSMUSG00000006494,ENSMUSG00000037370,ENSMUSG00000042010"
"Up-regulated",TRUE,0.0488875398300016,89,100,3,0.03,0.0337078651685393,"GO:0015914","GO:BP","phospholipid transport",24936,4771,"GO:0006869;GO:0015748","IEA,ISS IEA,IDA","ENSMUSG00000017754,ENSMUSG00000024130,ENSMUSG00000040584"
"Up-regulated",TRUE,0.0492313467249845,28,100,2,0.02,0.0714285714285714,"GO:0045048","GO:BP","protein insertion into ER membrane",24936,10488,"GO:0007029;GO:0033365;GO:0051205","ISS ISO IEA,ISS ISO IEA","ENSMUSG00000008140,ENSMUSG00000078517"
"Up-regulated",TRUE,0.0492313467249845,28,100,2,0.02,0.0714285714285714,"GO:0036314","GO:BP","response to sterol",24936,8936,"GO:0033993;GO:1901700","IEA,IEA","ENSMUSG00000027952,ENSMUSG00000031443"
"Up-regulated",TRUE,1.94836968616689e-08,1758,105,29,0.276190476190476,0.0164960182025028,"GO:0005783","GO:CC","endoplasmic reticulum",25413,335,"GO:0005737;GO:0012505;GO:0043231","ISS ISO NAS IEA,ISS IEA,IEA,ISS IEA,IDA IEA,IEA,IEA,IEA,IEA,ISS ISO IEA,IDA IEA,IDA,IDA IEA,ISS IEA,ISS IEA,ISS IEA,IDA IEA,IEA,IDA ISS TAS IEA,ISS IEA,ISS IEA,IEA,IDA TAS IEA,IEA,IEA,IDA IEA,IDA ISS ISO NAS IEA,IEA,IDA IEA","ENSMUSG00000008140,ENSMUSG00000015090,ENSMUSG00000016194,ENSMUSG00000021094,ENSMUSG00000021259,ENSMUSG00000022445,ENSMUSG00000023045,ENSMUSG00000023963,ENSMUSG00000025003,ENSMUSG00000026471,ENSMUSG00000027792,ENSMUSG00000029102,ENSMUSG00000030762,ENSMUSG00000033105,ENSMUSG00000040181,ENSMUSG00000040938,ENSMUSG00000041220,ENSMUSG00000042248,ENSMUSG00000044254,ENSMUSG00000044350,ENSMUSG00000052656,ENSMUSG00000054827,ENSMUSG00000056973,ENSMUSG00000057074,ENSMUSG00000061292,ENSMUSG00000069456,ENSMUSG00000078517,ENSMUSG00000089943,ENSMUSG00000089960"
"Up-regulated",TRUE,5.39606418022761e-08,1108,105,22,0.20952380952381,0.01985559566787,"GO:0098827","GO:CC","endoplasmic reticulum subcompartment",25413,3197,"GO:0005783;GO:0031984","ISS ISO NAS IEA,IEA,ISS IEA,IDA IEA,IEA,IEA,IEA,IEA,ISS IEA,IEA,ISS IEA,ISS IEA,ISS IEA,IDA IEA,IEA,IEA,IEA,IEA,IDA IEA,ISS ISO NAS IEA,IEA,IEA","ENSMUSG00000008140,ENSMUSG00000016194,ENSMUSG00000021094,ENSMUSG00000021259,ENSMUSG00000022445,ENSMUSG00000023045,ENSMUSG00000023963,ENSMUSG00000025003,ENSMUSG00000026471,ENSMUSG00000030762,ENSMUSG00000033105,ENSMUSG00000040181,ENSMUSG00000040938,ENSMUSG00000041220,ENSMUSG00000042248,ENSMUSG00000052656,ENSMUSG00000054827,ENSMUSG00000061292,ENSMUSG00000069456,ENSMUSG00000078517,ENSMUSG00000089943,ENSMUSG00000089960"
"Up-regulated",TRUE,5.39606418022761e-08,1341,105,24,0.228571428571429,0.0178970917225951,"GO:0031984","GO:CC","organelle subcompartment",25413,1201,"GO:0043227;GO:0043229;GO:0110165","ISS ISO NAS IEA,IEA,ISS IEA,IDA IEA,IEA,IEA,IEA,IEA,ISS IEA,IEA,IEA,ISS IEA,ISS IEA,ISS IEA,ISS IEA,IDA IEA,IEA,IEA,IEA,IEA,IDA IEA,ISS ISO NAS IEA,IEA,IEA","ENSMUSG00000008140,ENSMUSG00000016194,ENSMUSG00000021094,ENSMUSG00000021259,ENSMUSG00000022445,ENSMUSG00000023045,ENSMUSG00000023963,ENSMUSG00000025003,ENSMUSG00000026471,ENSMUSG00000027820,ENSMUSG00000030762,ENSMUSG00000033105,ENSMUSG00000038949,ENSMUSG00000040181,ENSMUSG00000040938,ENSMUSG00000041220,ENSMUSG00000042248,ENSMUSG00000052656,ENSMUSG00000054827,ENSMUSG00000061292,ENSMUSG00000069456,ENSMUSG00000078517,ENSMUSG00000089943,ENSMUSG00000089960"
"Up-regulated",TRUE,5.39606418022761e-08,1123,105,22,0.20952380952381,0.0195903829029386,"GO:0042175","GO:CC","nuclear outer membrane-endoplasmic reticulum membrane network",25413,1742,"GO:0012505;GO:0016020","ISS ISO NAS IEA,IEA,ISS IEA,IDA IEA,IEA,IEA,IEA,IEA,ISS IEA,IEA,ISS IEA,ISS IEA,ISS IEA,IDA IEA,IEA,IEA,IEA,IEA,IDA IEA,ISS ISO NAS IEA,IEA,IEA","ENSMUSG00000008140,ENSMUSG00000016194,ENSMUSG00000021094,ENSMUSG00000021259,ENSMUSG00000022445,ENSMUSG00000023045,ENSMUSG00000023963,ENSMUSG00000025003,ENSMUSG00000026471,ENSMUSG00000030762,ENSMUSG00000033105,ENSMUSG00000040181,ENSMUSG00000040938,ENSMUSG00000041220,ENSMUSG00000042248,ENSMUSG00000052656,ENSMUSG00000054827,ENSMUSG00000061292,ENSMUSG00000069456,ENSMUSG00000078517,ENSMUSG00000089943,ENSMUSG00000089960"
"Up-regulated",TRUE,5.39606418022761e-08,1104,105,22,0.20952380952381,0.0199275362318841,"GO:0005789","GO:CC","endoplasmic reticulum membrane",25413,341,"GO:0031090;GO:0042175;GO:0098827","ISS ISO NAS IEA,IEA,ISS IEA,IDA IEA,IEA,IEA,IEA,IEA,ISS IEA,IEA,ISS IEA,ISS IEA,ISS IEA,IDA IEA,IEA,IEA,IEA,IEA,IDA IEA,ISS ISO NAS IEA,IEA,IEA","ENSMUSG00000008140,ENSMUSG00000016194,ENSMUSG00000021094,ENSMUSG00000021259,ENSMUSG00000022445,ENSMUSG00000023045,ENSMUSG00000023963,ENSMUSG00000025003,ENSMUSG00000026471,ENSMUSG00000030762,ENSMUSG00000033105,ENSMUSG00000040181,ENSMUSG00000040938,ENSMUSG00000041220,ENSMUSG00000042248,ENSMUSG00000052656,ENSMUSG00000054827,ENSMUSG00000061292,ENSMUSG00000069456,ENSMUSG00000078517,ENSMUSG00000089943,ENSMUSG00000089960"
"Up-regulated",TRUE,1.98616007384536e-07,10727,105,74,0.704761904761905,0.00689848046984245,"GO:0005737","GO:CC","cytoplasm",25413,304,"GO:0005622;GO:0110165","IEA,IDA,IDA TAS IEA,IDA TAS IEA,IDA IEA,HDA IEA,ISS ISO NAS IEA,IDA IEA,ISS IEA,IEA,IDA IEA,IEA,IDA IGI HDA IEA,HDA ISS IEA,HDA ISS IEA,ISS IEA,IDA IEA,IDA IEA,IEA,IEA,HDA IEA,IDA HDA IEA,IEA,IDA ISS ISO IEA,IDA,ISO,IEA,IEA,IEA,ISS ISO IEA,ISS IEA,IDA IEA,IDA IEA,IDA ISS IEA,ISS IEA,IDA,IDA IEA,IDA,IDA IEA,IDA ISS IEA,IDA HDA IEA,IDA ISS IEA,IEA,HDA ISS IEA,ISO IEA,ISS IEA,IDA IEA,ISS IEA,IDA ISS IEA,HDA IEA,ISS IEA,ISS IEA,ISS IEA,IDA IEA,IDA,IDA HDA IEA,IEA,IDA ISS TAS IEA,IDA ISS IEA,HDA IEA,ISS IEA,IEA,IDA TAS IEA,ISS IEA,IEA,IDA IEA,ISS IEA,IDA IEA,IDA ISS ISO NAS IEA,IEA,IDA IEA,IDA IEA,IEA,IDA IEA","ENSMUSG00000001665,ENSMUSG00000002847,ENSMUSG00000003477,ENSMUSG00000005373,ENSMUSG00000005677,ENSMUSG00000006494,ENSMUSG00000008140,ENSMUSG00000011148,ENSMUSG00000015090,ENSMUSG00000016194,ENSMUSG00000017146,ENSMUSG00000020102,ENSMUSG00000020532,ENSMUSG00000020534,ENSMUSG00000020917,ENSMUSG00000021094,ENSMUSG00000021259,ENSMUSG00000021416,ENSMUSG00000022445,ENSMUSG00000023045,ENSMUSG00000023832,ENSMUSG00000023912,ENSMUSG00000023963,ENSMUSG00000024130,ENSMUSG00000024354,ENSMUSG00000024899,ENSMUSG00000025003,ENSMUSG00000025464,ENSMUSG00000026307,ENSMUSG00000026471,ENSMUSG00000026688,ENSMUSG00000027605,ENSMUSG00000027792,ENSMUSG00000027820,ENSMUSG00000027952,ENSMUSG00000028024,ENSMUSG00000028238,ENSMUSG00000029102,ENSMUSG00000029833,ENSMUSG00000030340,ENSMUSG00000030541,ENSMUSG00000030762,ENSMUSG00000031665,ENSMUSG00000032418,ENSMUSG00000032849,ENSMUSG00000033105,ENSMUSG00000033318,ENSMUSG00000038949,ENSMUSG00000039450,ENSMUSG00000040147,ENSMUSG00000040181,ENSMUSG00000040584,ENSMUSG00000040938,ENSMUSG00000041220,ENSMUSG00000041261,ENSMUSG00000042010,ENSMUSG00000042248,ENSMUSG00000044254,ENSMUSG00000044350,ENSMUSG00000052131,ENSMUSG00000052656,ENSMUSG00000054827,ENSMUSG00000056973,ENSMUSG00000057074,ENSMUSG00000061292,ENSMUSG00000069456,ENSMUSG00000072115,ENSMUSG00000074207,ENSMUSG00000078517,ENSMUSG00000089943,ENSMUSG00000089960,ENSMUSG00000090523,ENSMUSG00000094156,ENSMUSG00000094410"
"Up-regulated",TRUE,1.03991045842655e-05,4005,105,38,0.361904761904762,0.00948813982521848,"GO:0012505","GO:CC","endomembrane system",25413,666,"GO:0110165","IDA,ISS ISO NAS IEA,ISS IEA,IEA,ISS IEA,IDA IEA,IEA,IEA,IEA,IDA ISS ISO IEA,IEA,IEA,ISS ISO IEA,IDA IEA,IDA IEA,IDA IEA,IDA,ISS IEA,IDA IEA,ISO IEA,ISS IEA,ISS IEA,ISS IEA,ISS IEA,IDA IEA,IDA IEA,IEA,IDA ISS TAS IEA,ISS IEA,ISS IEA,IEA,IDA TAS IEA,IEA,IEA,IDA IEA,IDA ISS ISO NAS IEA,IEA,IDA IEA","ENSMUSG00000002847,ENSMUSG00000008140,ENSMUSG00000015090,ENSMUSG00000016194,ENSMUSG00000021094,ENSMUSG00000021259,ENSMUSG00000022445,ENSMUSG00000023045,ENSMUSG00000023963,ENSMUSG00000024130,ENSMUSG00000025003,ENSMUSG00000026307,ENSMUSG00000026471,ENSMUSG00000027792,ENSMUSG00000027820,ENSMUSG00000028238,ENSMUSG00000029102,ENSMUSG00000030340,ENSMUSG00000030762,ENSMUSG00000032849,ENSMUSG00000033105,ENSMUSG00000038949,ENSMUSG00000040181,ENSMUSG00000040938,ENSMUSG00000040985,ENSMUSG00000041220,ENSMUSG00000042248,ENSMUSG00000044254,ENSMUSG00000044350,ENSMUSG00000052656,ENSMUSG00000054827,ENSMUSG00000056973,ENSMUSG00000057074,ENSMUSG00000061292,ENSMUSG00000069456,ENSMUSG00000078517,ENSMUSG00000089943,ENSMUSG00000089960"
"Up-regulated",TRUE,2.07517463778937e-05,3276,105,33,0.314285714285714,0.0100732600732601,"GO:0031090","GO:CC","organelle membrane",25413,1017,"GO:0016020;GO:0043227","IDA,ISS ISO NAS IEA,IEA,IEA,ISS IEA,IDA IEA,IEA,IEA,IDA IEA,IEA,IDA IEA,IEA,ISS IEA,ISS IEA,IEA,ISS IEA,HDA,ISS IEA,ISO IEA,ISS IEA,HDA IEA,ISS IEA,ISS IEA,IEA,IDA IEA,IEA,IEA,IEA,IEA,IDA IEA,ISS ISO NAS IEA,IEA,IEA","ENSMUSG00000002847,ENSMUSG00000008140,ENSMUSG00000015090,ENSMUSG00000016194,ENSMUSG00000021094,ENSMUSG00000021259,ENSMUSG00000022445,ENSMUSG00000023045,ENSMUSG00000023912,ENSMUSG00000023963,ENSMUSG00000024130,ENSMUSG00000025003,ENSMUSG00000026471,ENSMUSG00000026688,ENSMUSG00000028238,ENSMUSG00000030340,ENSMUSG00000030541,ENSMUSG00000030762,ENSMUSG00000032849,ENSMUSG00000033105,ENSMUSG00000040147,ENSMUSG00000040181,ENSMUSG00000040938,ENSMUSG00000040985,ENSMUSG00000041220,ENSMUSG00000042248,ENSMUSG00000052656,ENSMUSG00000054827,ENSMUSG00000061292,ENSMUSG00000069456,ENSMUSG00000078517,ENSMUSG00000089943,ENSMUSG00000089960"
"Up-regulated",TRUE,2.27635860843935e-05,480,105,12,0.114285714285714,0.025,"GO:0045177","GO:CC","apical part of cell",25413,2098,"GO:0110165","IEA,ISS IEA,ISS IEA,IDA,ISS IEA,IEA,ISS IEA,IEA,IDA ISS IEA,IDA IEA,IDA IEA,IDA IEA","ENSMUSG00000023045,ENSMUSG00000024354,ENSMUSG00000027820,ENSMUSG00000028024,ENSMUSG00000028238,ENSMUSG00000030096,ENSMUSG00000030340,ENSMUSG00000030737,ENSMUSG00000030762,ENSMUSG00000032849,ENSMUSG00000039450,ENSMUSG00000040584"
"Up-regulated",TRUE,2.87047387700294e-05,10021,105,66,0.628571428571429,0.00658616904500549,"GO:0016020","GO:CC","membrane",25413,699,"GO:0110165","IDA,ISA,ISS ISO NAS IEA,IEA,IEA,IEA,IEA,IEA,ISS IEA,IDA,ISO IEA,IEA,ISS IEA,IDA IEA,IEA,IDA IEA,IDA IEA,IEA,IDA ISO IEA,IDA ISS IEA,IEA,IEA,ISS IEA,ISS IEA,ISS IEA,IDA IEA,IDA IPI IMP IEP ISS IEA,IEA,IEA,IDA ISS IEA,IDA ISS TAS IEA,ISS IEA,IDA IMP IC IEA,IDA IGI ISS ISO NAS IEA,HDA,ISS ISO IEA,IDA ISS TAS IEA,IDA ISO IEA,ISS IEA,IEA,ISS IEA,IDA IEA,IEA,HDA IEA,ISS IEA,IEA,IDA TAS IEA,ISS IEA,IDA IEA,IDA IEA,IDA IEA,IEA,IEA,IEA,IEA,IEA,IEA,IEA,IDA IEA,IEA,IEA,ISS ISO NAS IEA,IEA,IDA IEA,IDA IEA,IEA","ENSMUSG00000002847,ENSMUSG00000006494,ENSMUSG00000008140,ENSMUSG00000011148,ENSMUSG00000015090,ENSMUSG00000016194,ENSMUSG00000017146,ENSMUSG00000020010,ENSMUSG00000020102,ENSMUSG00000020432,ENSMUSG00000020669,ENSMUSG00000020926,ENSMUSG00000021094,ENSMUSG00000021259,ENSMUSG00000022445,ENSMUSG00000023045,ENSMUSG00000023912,ENSMUSG00000023963,ENSMUSG00000024130,ENSMUSG00000024354,ENSMUSG00000024992,ENSMUSG00000025003,ENSMUSG00000026471,ENSMUSG00000026688,ENSMUSG00000026938,ENSMUSG00000027358,ENSMUSG00000027577,ENSMUSG00000027605,ENSMUSG00000027792,ENSMUSG00000027820,ENSMUSG00000028024,ENSMUSG00000028238,ENSMUSG00000030096,ENSMUSG00000030340,ENSMUSG00000030541,ENSMUSG00000030737,ENSMUSG00000030762,ENSMUSG00000032849,ENSMUSG00000033105,ENSMUSG00000037370,ENSMUSG00000038949,ENSMUSG00000039114,ENSMUSG00000039450,ENSMUSG00000040147,ENSMUSG00000040181,ENSMUSG00000040441,ENSMUSG00000040584,ENSMUSG00000040938,ENSMUSG00000040985,ENSMUSG00000041078,ENSMUSG00000041220,ENSMUSG00000042248,ENSMUSG00000044254,ENSMUSG00000045776,ENSMUSG00000048240,ENSMUSG00000052656,ENSMUSG00000054827,ENSMUSG00000061292,ENSMUSG00000069456,ENSMUSG00000073139,ENSMUSG00000074785,ENSMUSG00000078517,ENSMUSG00000089943,ENSMUSG00000089960,ENSMUSG00000090523,ENSMUSG00000096606"
"Up-regulated",TRUE,9.6762111835787e-05,1136,105,17,0.161904761904762,0.0149647887323944,"GO:0005615","GO:CC","extracellular space",25413,227,"GO:0005576;GO:0110165","IEA,HDA,IEA,HDA IEA,IDA,IDA HDA ISS IEA,IDA IEA,IEA,IEA,IEA,IEA,IEA,IEA,IDA,IDA HDA IEA,IMP IEA,IDA ISS","ENSMUSG00000002588,ENSMUSG00000002847,ENSMUSG00000015090,ENSMUSG00000017754,ENSMUSG00000020010,ENSMUSG00000020432,ENSMUSG00000027358,ENSMUSG00000027792,ENSMUSG00000028359,ENSMUSG00000029102,ENSMUSG00000030340,ENSMUSG00000031443,ENSMUSG00000037370,ENSMUSG00000039114,ENSMUSG00000044254,ENSMUSG00000060807,ENSMUSG00000072115"
"Up-regulated",TRUE,9.6762111835787e-05,380,105,10,0.0952380952380952,0.0263157894736842,"GO:0016324","GO:CC","apical plasma membrane",25413,711,"GO:0045177;GO:0098590","ISS IEA,IDA,ISS IEA,IEA,ISS IEA,IEA,IDA ISS IEA,IDA IEA,IEA,IDA IEA","ENSMUSG00000024354,ENSMUSG00000028024,ENSMUSG00000028238,ENSMUSG00000030096,ENSMUSG00000030340,ENSMUSG00000030737,ENSMUSG00000030762,ENSMUSG00000032849,ENSMUSG00000039450,ENSMUSG00000040584"
"Up-regulated",TRUE,0.000154946709630139,22103,105,104,0.99047619047619,0.00470524363208614,"GO:0110165","GO:CC","cellular anatomical structure",25413,3366,"GO:0005575","IEA,IEA,IDA HDA IEA,IDA TAS IEA,IDA IMP TAS IEA,IDA IEA,HDA ISA IEA,IDA ISS ISO NAS IEA,IEA,IDA IEA,IDA ISS TAS IEA,IEA,IDA ISS ISO TAS NAS IEA,HDA ISS IEA,IDA IEA,ISS IEA,IDA HDA ISS IEA,IDA IGI HDA IEA,IDA IMP IGI HDA ISS IEA,ISO IEA,HDA ISS IEA,IEA,ISS IEA,IDA IEA,IDA IEA,IEA,IDA IEA,HDA IEA,IDA HDA IEA,TAS IEA,IDA ISS ISO IEA,IDA ISS IEA,ISO,IEA,IEA,IEA,IEA,IEA,ISS ISO IEA,ISS IEA,ISS IEA,IDA IEA,IDA IPI IMP IEP ISS IEA,IDA IEA,IDA IEA,IDA IMP ISS IEA,ISS IEA,IDA ISS TAS IEA,IDA ISS IEA,IEA,IDA IEA,IDA IEA,IDA IMP IC IEA,IDA IGI ISS ISO NAS IEA,IDA HDA IEA,ISS ISO IEA,IDA ISS TAS IEA,TAS IEA,IEA,ISS IEA,HDA ISS IEA,IDA ISO IEA,ISS IEA,IDA IEA,IEA,ISS IEA,EXP IDA IMP IEP IEA,IDA ISS IEA,TAS IEA,HDA IEA,ISS IEA,IEA,IDA ISS TAS IEA,ISS IEA,IDA IEA,EXP IDA IMP IEP IEA,IDA IEA,IDA,IDA HDA IEA,IEA,IDA HDA ISS TAS IEA,IDA ISS IEA,IEA,ISS IEA,EXP IDA IEA,HDA IEA,ISS IEA,IEA,IDA TAS IEA,ISS IEA,IMP IEA,IEA,IDA IEA,IDA ISS ISO TAS IEA,IDA IEA,IDA IEA,IDA IMP IEA,IDA ISS ISO NAS IEA,IEA,IDA IEA,IDA IEA,IEA,IDA IEA,IEA","ENSMUSG00000001665,ENSMUSG00000002588,ENSMUSG00000002847,ENSMUSG00000003477,ENSMUSG00000005373,ENSMUSG00000005677,ENSMUSG00000006494,ENSMUSG00000008140,ENSMUSG00000010601,ENSMUSG00000011148,ENSMUSG00000015090,ENSMUSG00000016194,ENSMUSG00000017146,ENSMUSG00000017754,ENSMUSG00000020010,ENSMUSG00000020102,ENSMUSG00000020432,ENSMUSG00000020532,ENSMUSG00000020534,ENSMUSG00000020669,ENSMUSG00000020917,ENSMUSG00000020926,ENSMUSG00000021094,ENSMUSG00000021259,ENSMUSG00000021416,ENSMUSG00000022445,ENSMUSG00000023045,ENSMUSG00000023832,ENSMUSG00000023912,ENSMUSG00000023963,ENSMUSG00000024130,ENSMUSG00000024354,ENSMUSG00000024899,ENSMUSG00000024992,ENSMUSG00000025003,ENSMUSG00000025464,ENSMUSG00000026295,ENSMUSG00000026307,ENSMUSG00000026471,ENSMUSG00000026688,ENSMUSG00000026938,ENSMUSG00000027358,ENSMUSG00000027577,ENSMUSG00000027605,ENSMUSG00000027792,ENSMUSG00000027820,ENSMUSG00000027952,ENSMUSG00000028024,ENSMUSG00000028238,ENSMUSG00000028359,ENSMUSG00000029102,ENSMUSG00000029833,ENSMUSG00000030096,ENSMUSG00000030340,ENSMUSG00000030541,ENSMUSG00000030737,ENSMUSG00000030762,ENSMUSG00000031443,ENSMUSG00000031665,ENSMUSG00000032119,ENSMUSG00000032418,ENSMUSG00000032849,ENSMUSG00000033105,ENSMUSG00000033318,ENSMUSG00000037370,ENSMUSG00000038949,ENSMUSG00000039114,ENSMUSG00000039450,ENSMUSG00000039824,ENSMUSG00000040147,ENSMUSG00000040181,ENSMUSG00000040441,ENSMUSG00000040584,ENSMUSG00000040938,ENSMUSG00000040985,ENSMUSG00000041078,ENSMUSG00000041220,ENSMUSG00000041261,ENSMUSG00000042010,ENSMUSG00000042248,ENSMUSG00000044254,ENSMUSG00000044350,ENSMUSG00000045776,ENSMUSG00000047617,ENSMUSG00000048240,ENSMUSG00000052131,ENSMUSG00000052656,ENSMUSG00000054827,ENSMUSG00000056973,ENSMUSG00000057074,ENSMUSG00000060807,ENSMUSG00000061292,ENSMUSG00000069456,ENSMUSG00000072115,ENSMUSG00000073139,ENSMUSG00000074207,ENSMUSG00000074785,ENSMUSG00000078517,ENSMUSG00000089943,ENSMUSG00000089960,ENSMUSG00000090523,ENSMUSG00000094156,ENSMUSG00000094410,ENSMUSG00000096606"
"Up-regulated",TRUE,0.000155422596336208,113,105,6,0.0571428571428571,0.0530973451327434,"GO:0005903","GO:CC","brush border",25413,424,"GO:0045177;GO:0098862","IEA,ISS IEA,IDA,ISS,IDA,IEA","ENSMUSG00000023045,ENSMUSG00000027820,ENSMUSG00000028024,ENSMUSG00000030762,ENSMUSG00000039450,ENSMUSG00000040584"
"Up-regulated",TRUE,0.00170883732095061,175,105,6,0.0571428571428571,0.0342857142857143,"GO:0098862","GO:CC","cluster of actin-based cell projections",25413,3222,"GO:0110165","IEA,ISS IEA,IDA,ISS,IDA,IEA","ENSMUSG00000023045,ENSMUSG00000027820,ENSMUSG00000028024,ENSMUSG00000030762,ENSMUSG00000039450,ENSMUSG00000040584"
"Up-regulated",TRUE,0.0022221434471335,1202,105,15,0.142857142857143,0.0124792013311148,"GO:0098590","GO:CC","plasma membrane region",25413,3147,"GO:0005886;GO:0016020","ISS IEA,ISO IEA,IEA,IDA ISS IEA,IDA IMP IEP ISS IEA,IDA,ISS IEA,IDA IMP IEA,ISS IEA,ISS ISO IEA,IDA ISS IEA,IDA IEA,IEA,IDA IEA,IDA IEA","ENSMUSG00000020102,ENSMUSG00000020669,ENSMUSG00000020926,ENSMUSG00000024354,ENSMUSG00000027577,ENSMUSG00000028024,ENSMUSG00000028238,ENSMUSG00000030096,ENSMUSG00000030340,ENSMUSG00000030737,ENSMUSG00000030762,ENSMUSG00000032849,ENSMUSG00000039450,ENSMUSG00000040584,ENSMUSG00000041078"
"Up-regulated",TRUE,0.00260045112362024,122,105,5,0.0476190476190476,0.040983606557377,"GO:0005788","GO:CC","endoplasmic reticulum lumen",25413,340,"GO:0005783;GO:0070013","IEA,TAS,IDA IEA,IEA,IDA","ENSMUSG00000027792,ENSMUSG00000044254,ENSMUSG00000056973,ENSMUSG00000057074,ENSMUSG00000069456"
"Up-regulated",TRUE,0.00311701075486041,2340,105,22,0.20952380952381,0.0094017094017094,"GO:0005576","GO:CC","extracellular region",25413,194,"GO:0110165","IEA,HDA IEA,IDA IEA,IEA,IDA IEA,HDA ISS IEA,IDA,IDA HDA ISS IEA,IEA,IEA,IDA IEA,IEA,IMP,IEA,IEA,IEA,TAS IEA,IEA,IDA,IDA HDA IEA,IMP IEA,IDA ISS ISO TAS IEA","ENSMUSG00000002588,ENSMUSG00000002847,ENSMUSG00000008140,ENSMUSG00000010601,ENSMUSG00000015090,ENSMUSG00000017754,ENSMUSG00000020010,ENSMUSG00000020432,ENSMUSG00000026295,ENSMUSG00000026938,ENSMUSG00000027358,ENSMUSG00000027792,ENSMUSG00000027820,ENSMUSG00000028359,ENSMUSG00000029102,ENSMUSG00000030340,ENSMUSG00000031443,ENSMUSG00000037370,ENSMUSG00000039114,ENSMUSG00000044254,ENSMUSG00000060807,ENSMUSG00000072115"
"Up-regulated",TRUE,0.0110386925114614,259,105,6,0.0571428571428571,0.0231660231660232,"GO:0009925","GO:CC","basal plasma membrane",25413,638,"GO:0045178;GO:0098590","ISS IEA,IDA,IEA,ISS ISO IEA,ISS IEA,IDA IEA","ENSMUSG00000020102,ENSMUSG00000024354,ENSMUSG00000030096,ENSMUSG00000030737,ENSMUSG00000030762,ENSMUSG00000032849"
"Up-regulated",TRUE,0.0129796591953687,11,105,2,0.019047619047619,0.181818181818182,"GO:0072546","GO:CC","EMC complex",25413,2741,"GO:0005789;GO:0098796;GO:0140534","ISS ISO IEA,ISS ISO IEA","ENSMUSG00000008140,ENSMUSG00000078517"
"Up-regulated",TRUE,0.0137875658090589,108,105,4,0.0380952380952381,0.037037037037037,"GO:0140534","GO:CC","endoplasmic reticulum protein-containing complex",25413,3516,"GO:0005783;GO:0032991","ISS ISO IEA,IEA,ISS ISO IEA,IDA","ENSMUSG00000008140,ENSMUSG00000041220,ENSMUSG00000078517,ENSMUSG00000089960"
"Up-regulated",TRUE,0.0137875658090589,276,105,6,0.0571428571428571,0.0217391304347826,"GO:0045178","GO:CC","basal part of cell",25413,2099,"GO:0110165","ISS IEA,IDA,IEA,ISS ISO IEA,ISS IEA,IDA IEA","ENSMUSG00000020102,ENSMUSG00000024354,ENSMUSG00000030096,ENSMUSG00000030737,ENSMUSG00000030762,ENSMUSG00000032849"
"Up-regulated",TRUE,0.0279049667437631,134,105,4,0.0380952380952381,0.0298507462686567,"GO:0005777","GO:CC","peroxisome",25413,331,"GO:0042579","IDA IEA,IEA,IDA,ISS IEA","ENSMUSG00000021416,ENSMUSG00000025464,ENSMUSG00000030541,ENSMUSG00000044350"
"Up-regulated",TRUE,0.0279049667437631,134,105,4,0.0380952380952381,0.0298507462686567,"GO:0042579","GO:CC","microbody",25413,1758,"GO:0005737;GO:0043231","IDA IEA,IEA,IDA,ISS IEA","ENSMUSG00000021416,ENSMUSG00000025464,ENSMUSG00000030541,ENSMUSG00000044350"
"Up-regulated",TRUE,0.0437658766073352,23,105,2,0.019047619047619,0.0869565217391304,"GO:0034364","GO:CC","high-density lipoprotein particle",25413,1442,"GO:0034358","IEA,IEA","ENSMUSG00000002588,ENSMUSG00000017754"
"Up-regulated",TRUE,0.0437658766073352,1,105,1,0.00952380952380952,1,"GO:0032311","GO:CC","angiogenin-PRI complex",25413,1262,"GO:0005576;GO:0032991","ISS ISO","ENSMUSG00000072115"
"Up-regulated",TRUE,0.0437658766073352,23,105,2,0.019047619047619,0.0869565217391304,"GO:1990391","GO:CC","DNA repair complex",25413,3903,"GO:1902494","IEA,ISS IEA","ENSMUSG00000017146,ENSMUSG00000047617"
"Up-regulated",TRUE,1.16448593612774e-15,5584,107,68,0.635514018691589,0.0121776504297994,"GO:0003824","GO:MF","catalytic activity",23512,356,"GO:0003674","IDA IEA,IMP ISS IEA,IDA IEA,IDA ISS TAS IEA,ISS IEA,IDA IEA,IDA ISS IEA,IDA IMP IEA,ISS IEA,IDA IEA,IDA IMP IGI IEA,IMP IGI ISS IEA,IDA ISS IEA,IEA,ISS IEA,IDA ISS IEA,IDA IEA,IEA,IDA IEA,IEA,IDA IEA,ISS IEA,IDA IMP ISS IEA,IEA,IDA IEA,IDA ISO IEA,IEA,ISS IEA,IDA IMP IEA,IDA ISS IEA,IDA IMP IGI ISS ISO IEA,IDA IEA,IDA IMP ISS IEA,IEA,IDA IEA,IDA ISS IEA,IEA,IDA IMP ISS IEA,IEA,ISS IEA,ISO IEA,IEA,IDA ISO IEA,ISS IEA,IMP ISS ISO IEA,IDA IEA,IDA IEA,IEA,IDA IMP ISS IEA,IDA IEA,ISS IEA,ISS IEA,IEA,ISS IEA,IEA,IDA IEA,IDA IEA,IDA IMP TAS IEA,ISS IEA,IEA,IDA IEA,IDA ISS IEA,IDA IGI TAS IEA,IEA,IEA,IEA,ISS ISO IEA,IEA","ENSMUSG00000001665,ENSMUSG00000002588,ENSMUSG00000002847,ENSMUSG00000003477,ENSMUSG00000006494,ENSMUSG00000011148,ENSMUSG00000015090,ENSMUSG00000016194,ENSMUSG00000017146,ENSMUSG00000020010,ENSMUSG00000020532,ENSMUSG00000020534,ENSMUSG00000020917,ENSMUSG00000020926,ENSMUSG00000021094,ENSMUSG00000021259,ENSMUSG00000021416,ENSMUSG00000022445,ENSMUSG00000023045,ENSMUSG00000023832,ENSMUSG00000023963,ENSMUSG00000024130,ENSMUSG00000024899,ENSMUSG00000024992,ENSMUSG00000025003,ENSMUSG00000025464,ENSMUSG00000026307,ENSMUSG00000026688,ENSMUSG00000027605,ENSMUSG00000027792,ENSMUSG00000027820,ENSMUSG00000027952,ENSMUSG00000028024,ENSMUSG00000029102,ENSMUSG00000029833,ENSMUSG00000030541,ENSMUSG00000031443,ENSMUSG00000032418,ENSMUSG00000032849,ENSMUSG00000033105,ENSMUSG00000033318,ENSMUSG00000037370,ENSMUSG00000039450,ENSMUSG00000040147,ENSMUSG00000040181,ENSMUSG00000040584,ENSMUSG00000041220,ENSMUSG00000041261,ENSMUSG00000042010,ENSMUSG00000042248,ENSMUSG00000044254,ENSMUSG00000044350,ENSMUSG00000052131,ENSMUSG00000052656,ENSMUSG00000054757,ENSMUSG00000054827,ENSMUSG00000056148,ENSMUSG00000056973,ENSMUSG00000057074,ENSMUSG00000061292,ENSMUSG00000069456,ENSMUSG00000072115,ENSMUSG00000074207,ENSMUSG00000074639,ENSMUSG00000078964,ENSMUSG00000089943,ENSMUSG00000089960,ENSMUSG00000094156"
"Up-regulated",TRUE,5.96763026021446e-10,742,107,22,0.205607476635514,0.0296495956873315,"GO:0016491","GO:MF","oxidoreductase activity",23512,2729,"GO:0003824","IDA IMP IEA,ISS IEA,IDA ISS IEA,IEA,IDA IEA,IDA IEA,IDA ISO IEA,IEA,IDA ISS IEA,IDA IMP ISS IEA,IDA ISO IEA,ISS IEA,IMP ISS ISO IEA,IDA IEA,IEA,IEA,IDA IEA,IDA IEA,IEA,IDA IEA,IDA IGI TAS IEA,IEA","ENSMUSG00000016194,ENSMUSG00000021094,ENSMUSG00000021259,ENSMUSG00000022445,ENSMUSG00000023963,ENSMUSG00000025003,ENSMUSG00000025464,ENSMUSG00000026688,ENSMUSG00000030541,ENSMUSG00000032418,ENSMUSG00000039450,ENSMUSG00000040147,ENSMUSG00000040181,ENSMUSG00000042248,ENSMUSG00000052131,ENSMUSG00000054757,ENSMUSG00000054827,ENSMUSG00000056148,ENSMUSG00000061292,ENSMUSG00000069456,ENSMUSG00000074207,ENSMUSG00000074639"
"Up-regulated",TRUE,7.453819892788e-07,120,107,9,0.0841121495327103,0.075,"GO:0016616","GO:MF","oxidoreductase activity, acting on the CH-OH group of donors, NAD or NADP as acceptor",23512,2763,"GO:0016614","IDA IMP IEA,ISS IEA,IDA ISS IEA,IDA IMP ISS IEA,IDA ISO IEA,IEA,IDA,IDA IEA,IDA IGI TAS IEA","ENSMUSG00000016194,ENSMUSG00000021094,ENSMUSG00000030541,ENSMUSG00000032418,ENSMUSG00000039450,ENSMUSG00000052131,ENSMUSG00000056148,ENSMUSG00000069456,ENSMUSG00000074207"
"Up-regulated",TRUE,9.88947041042616e-07,128,107,9,0.0841121495327103,0.0703125,"GO:0016614","GO:MF","oxidoreductase activity, acting on CH-OH group of donors",23512,2761,"GO:0016491","IDA IMP IEA,ISS IEA,IDA ISS IEA,IDA IMP ISS IEA,IDA ISO IEA,IEA,IDA,IDA IEA,IDA IGI TAS IEA","ENSMUSG00000016194,ENSMUSG00000021094,ENSMUSG00000030541,ENSMUSG00000032418,ENSMUSG00000039450,ENSMUSG00000052131,ENSMUSG00000056148,ENSMUSG00000069456,ENSMUSG00000074207"
"Up-regulated",TRUE,5.11755753429081e-05,152,107,8,0.0747663551401869,0.0526315789473684,"GO:0004497","GO:MF","monooxygenase activity",23512,799,"GO:0016491","IDA ISS IEA,IEA,IDA IEA,IDA IEA,IMP ISS ISO IEA,IDA IEA,IDA IEA,IEA","ENSMUSG00000021259,ENSMUSG00000022445,ENSMUSG00000023963,ENSMUSG00000025003,ENSMUSG00000040181,ENSMUSG00000042248,ENSMUSG00000054827,ENSMUSG00000061292"
"Up-regulated",TRUE,5.11755753429081e-05,66,107,6,0.0560747663551402,0.0909090909090909,"GO:0016712","GO:MF","oxidoreductase activity, acting on paired donors, with incorporation or reduction of molecular oxygen, reduced flavin or flavoprotein as one donor, and incorporation of one atom of oxygen",23512,2834,"GO:0004497;GO:0016705","IEA,IEA,IEA,IEA,IEA,IEA","ENSMUSG00000022445,ENSMUSG00000023963,ENSMUSG00000025003,ENSMUSG00000042248,ENSMUSG00000054827,ENSMUSG00000061292"
"Up-regulated",TRUE,7.13983712752725e-05,6255,107,52,0.485981308411215,0.00831334932054357,"GO:0036094","GO:MF","small molecule binding",23512,4848,"GO:0005488","ISS IEA,IEA,IEA,IEA,IEA,IEA,IEA,IEA,IDA ISS IEA,IEA,ISS IEA,IEA,IEA,IEA,IEA,IEA,IEA,IEA,IEA,IEA,IEA,IEA,IEA,IEA,IEA,ISS IEA,IEA,IEA,ISS IEA,IEA,ISS IEA,IEA,IEA,IEA,ISS IEA,IEA,IEA,IEA,IEA,IEA,IEA,IEA,IEA,IEA,IEA,IEA,IEA,IEA,ISS,IEA,IEA,IEA","ENSMUSG00000002588,ENSMUSG00000005677,ENSMUSG00000006494,ENSMUSG00000011148,ENSMUSG00000015090,ENSMUSG00000016194,ENSMUSG00000017146,ENSMUSG00000017754,ENSMUSG00000020432,ENSMUSG00000020532,ENSMUSG00000020534,ENSMUSG00000020917,ENSMUSG00000021259,ENSMUSG00000021416,ENSMUSG00000022445,ENSMUSG00000023045,ENSMUSG00000023963,ENSMUSG00000024130,ENSMUSG00000024899,ENSMUSG00000024992,ENSMUSG00000025003,ENSMUSG00000026307,ENSMUSG00000026938,ENSMUSG00000027605,ENSMUSG00000027792,ENSMUSG00000027820,ENSMUSG00000027952,ENSMUSG00000028024,ENSMUSG00000029833,ENSMUSG00000030096,ENSMUSG00000030541,ENSMUSG00000031443,ENSMUSG00000031665,ENSMUSG00000032119,ENSMUSG00000032418,ENSMUSG00000032849,ENSMUSG00000037370,ENSMUSG00000039824,ENSMUSG00000040181,ENSMUSG00000040584,ENSMUSG00000041078,ENSMUSG00000041261,ENSMUSG00000042010,ENSMUSG00000042248,ENSMUSG00000044350,ENSMUSG00000052656,ENSMUSG00000054827,ENSMUSG00000061292,ENSMUSG00000072115,ENSMUSG00000074207,ENSMUSG00000089960,ENSMUSG00000094410"
"Up-regulated",TRUE,7.98964989316329e-05,41,107,5,0.0467289719626168,0.121951219512195,"GO:0018455","GO:MF","alcohol dehydrogenase [NAD(P)+] activity",23512,3103,"GO:0016616","ISS IEA,IEA,IDA,IDA IEA,IDA IGI TAS IEA","ENSMUSG00000021094,ENSMUSG00000052131,ENSMUSG00000056148,ENSMUSG00000069456,ENSMUSG00000074207"
"Up-regulated",TRUE,0.000137020676057,6056,107,50,0.467289719626168,0.00825627476882431,"GO:0043167","GO:MF","ion binding",23512,5156,"GO:0036094","ISS IEA,IEA,IEA,IEA,IEA,IEA,IEA,IEA,IEA,ISS IEA,IEA,IEA,IEA,IEA,IEA,IEA,IEA,IEA,IEA,IEA,IEA,IEA,IEA,ISS IEA,IEA,IEA,ISS IEA,IEA,ISS IEA,IEA,IEA,IEA,ISS IEA,IEA,IEA,IEA,IEA,IEA,IEA,IEA,IEA,IEA,IEA,IEA,IEA,IEA,ISS,IEA,IEA,IEA","ENSMUSG00000002588,ENSMUSG00000005677,ENSMUSG00000006494,ENSMUSG00000011148,ENSMUSG00000015090,ENSMUSG00000017146,ENSMUSG00000017754,ENSMUSG00000020432,ENSMUSG00000020532,ENSMUSG00000020534,ENSMUSG00000020917,ENSMUSG00000021259,ENSMUSG00000021416,ENSMUSG00000022445,ENSMUSG00000023045,ENSMUSG00000023963,ENSMUSG00000024130,ENSMUSG00000024899,ENSMUSG00000024992,ENSMUSG00000025003,ENSMUSG00000026938,ENSMUSG00000027605,ENSMUSG00000027792,ENSMUSG00000027820,ENSMUSG00000027952,ENSMUSG00000028024,ENSMUSG00000029833,ENSMUSG00000030096,ENSMUSG00000030541,ENSMUSG00000031443,ENSMUSG00000031665,ENSMUSG00000032119,ENSMUSG00000032418,ENSMUSG00000032849,ENSMUSG00000037370,ENSMUSG00000039824,ENSMUSG00000040181,ENSMUSG00000040584,ENSMUSG00000041078,ENSMUSG00000041261,ENSMUSG00000042010,ENSMUSG00000042248,ENSMUSG00000044350,ENSMUSG00000052656,ENSMUSG00000054827,ENSMUSG00000061292,ENSMUSG00000072115,ENSMUSG00000074207,ENSMUSG00000089960,ENSMUSG00000094410"
"Up-regulated",TRUE,0.000141354294048306,190,107,8,0.0747663551401869,0.0421052631578947,"GO:0046906","GO:MF","tetrapyrrole binding",23512,5634,"GO:0005488","IDA ISS IEA,ISS IEA,IEA,IEA,IEA,IEA,IEA,IEA","ENSMUSG00000020432,ENSMUSG00000021259,ENSMUSG00000022445,ENSMUSG00000023963,ENSMUSG00000025003,ENSMUSG00000042248,ENSMUSG00000054827,ENSMUSG00000061292"
"Up-regulated",TRUE,0.000391607522136458,221,107,8,0.0747663551401869,0.0361990950226244,"GO:0016705","GO:MF","oxidoreductase activity, acting on paired donors, with incorporation or reduction of molecular oxygen",23512,2827,"GO:0016491","IDA ISS IEA,IEA,IDA IEA,IDA IEA,IMP ISS IEA,IDA IEA,IDA IEA,IEA","ENSMUSG00000021259,ENSMUSG00000022445,ENSMUSG00000023963,ENSMUSG00000025003,ENSMUSG00000040181,ENSMUSG00000042248,ENSMUSG00000054827,ENSMUSG00000061292"
"Up-regulated",TRUE,0.000821285754231825,1826,107,22,0.205607476635514,0.0120481927710843,"GO:0042802","GO:MF","identical protein binding",23512,5080,"GO:0005515","IEA,IEA,IEA,ISS IEA,IEA,IEA,IEA,IEA,IEA,IEA,IEA,IEA,IEA,IPI,IEA,IEA,IEA,ISS IEA,IDA IPI,ISS,IPI,IEA","ENSMUSG00000002588,ENSMUSG00000016194,ENSMUSG00000017146,ENSMUSG00000020102,ENSMUSG00000020532,ENSMUSG00000020534,ENSMUSG00000023912,ENSMUSG00000026307,ENSMUSG00000026688,ENSMUSG00000027792,ENSMUSG00000027820,ENSMUSG00000032418,ENSMUSG00000037370,ENSMUSG00000039114,ENSMUSG00000039450,ENSMUSG00000041078,ENSMUSG00000042010,ENSMUSG00000047617,ENSMUSG00000069456,ENSMUSG00000072115,ENSMUSG00000074207,ENSMUSG00000089960"
"Up-regulated",TRUE,0.000821285754231825,181,107,7,0.0654205607476635,0.0386740331491713,"GO:0020037","GO:MF","heme binding",23512,3488,"GO:0046906","ISS IEA,IEA,IEA,IEA,IEA,IEA,IEA","ENSMUSG00000021259,ENSMUSG00000022445,ENSMUSG00000023963,ENSMUSG00000025003,ENSMUSG00000042248,ENSMUSG00000054827,ENSMUSG00000061292"
"Up-regulated",TRUE,0.000821285754231825,12,107,3,0.0280373831775701,0.25,"GO:0008391","GO:MF","arachidonate monooxygenase activity",23512,1641,"GO:0004497;GO:0016705","IDA IEA,IDA IEA,IDA IEA","ENSMUSG00000025003,ENSMUSG00000042248,ENSMUSG00000054827"
"Up-regulated",TRUE,0.00114169083590801,4411,107,38,0.355140186915888,0.00861482656993879,"GO:0043169","GO:MF","cation binding",23512,5158,"GO:0043167","ISS IEA,IEA,IEA,IEA,IEA,IEA,IEA,IEA,IEA,IEA,IEA,IEA,IEA,IEA,IEA,IEA,ISS IEA,IEA,ISS IEA,IEA,ISS IEA,IEA,IEA,IEA,ISS IEA,IEA,IEA,IEA,IEA,IEA,IEA,IEA,IEA,IEA,IEA,ISS,IEA,IEA","ENSMUSG00000002588,ENSMUSG00000005677,ENSMUSG00000011148,ENSMUSG00000017146,ENSMUSG00000017754,ENSMUSG00000020432,ENSMUSG00000020532,ENSMUSG00000020534,ENSMUSG00000020917,ENSMUSG00000021259,ENSMUSG00000022445,ENSMUSG00000023963,ENSMUSG00000024992,ENSMUSG00000025003,ENSMUSG00000026938,ENSMUSG00000027792,ENSMUSG00000027820,ENSMUSG00000028024,ENSMUSG00000029833,ENSMUSG00000030096,ENSMUSG00000030541,ENSMUSG00000031443,ENSMUSG00000031665,ENSMUSG00000032119,ENSMUSG00000032418,ENSMUSG00000037370,ENSMUSG00000039824,ENSMUSG00000041078,ENSMUSG00000041261,ENSMUSG00000042010,ENSMUSG00000042248,ENSMUSG00000044350,ENSMUSG00000052656,ENSMUSG00000054827,ENSMUSG00000061292,ENSMUSG00000072115,ENSMUSG00000074207,ENSMUSG00000094410"
"Up-regulated",TRUE,0.00138844058120856,1112,107,16,0.149532710280374,0.0143884892086331,"GO:0005215","GO:MF","transporter activity",23512,1319,"GO:0003674","IDA IMP IEA,IDA ISS IEA,IEA,ISS IEA,IDA IMP ISS IEA,IDA IMP IGI ISS TAS IEA,IEA,IDA IEA,IDA IGI ISO IEA,IEA,IDA IMP ISS TAS IEA,ISS ISO IEA,IEA,EXP IDA IMP ISS IEA,ISS IEA,IDA IEA","ENSMUSG00000017754,ENSMUSG00000020102,ENSMUSG00000023912,ENSMUSG00000024130,ENSMUSG00000024354,ENSMUSG00000027577,ENSMUSG00000028238,ENSMUSG00000030096,ENSMUSG00000030340,ENSMUSG00000030737,ENSMUSG00000030762,ENSMUSG00000032849,ENSMUSG00000040441,ENSMUSG00000040584,ENSMUSG00000040938,ENSMUSG00000041078"
"Up-regulated",TRUE,0.00138844058120856,205,107,7,0.0654205607476635,0.0341463414634146,"GO:0005506","GO:MF","iron ion binding",23512,1452,"GO:0046914","IEA,IEA,IEA,IEA,IEA,IEA,IEA","ENSMUSG00000021259,ENSMUSG00000022445,ENSMUSG00000023963,ENSMUSG00000025003,ENSMUSG00000042248,ENSMUSG00000054827,ENSMUSG00000061292"
"Up-regulated",TRUE,0.00141496387033901,44,107,4,0.0373831775700935,0.0909090909090909,"GO:0008028","GO:MF","monocarboxylic acid transmembrane transporter activity",23512,1488,"GO:0046943","ISS IEA,IDA,ISS IEA,ISS","ENSMUSG00000020102,ENSMUSG00000030096,ENSMUSG00000032849,ENSMUSG00000040938"
"Up-regulated",TRUE,0.00141496387033901,16,107,3,0.0280373831775701,0.1875,"GO:0008559","GO:MF","ABC-type xenobiotic transporter activity",23512,1748,"GO:0042910;GO:0140359","ISS IEA,IEA,IEA","ENSMUSG00000024130,ENSMUSG00000032849,ENSMUSG00000040584"
"Up-regulated",TRUE,0.00145814814005001,1011,107,15,0.14018691588785,0.0148367952522255,"GO:0022857","GO:MF","transmembrane transporter activity",23512,3516,"GO:0005215","IDA ISS IEA,IEA,ISS IEA,IDA IMP ISS IEA,IDA IMP IGI ISS TAS IEA,IEA,IDA IEA,IDA IGI ISO IEA,IEA,IDA IMP ISS TAS IEA,ISS ISO IEA,IEA,EXP IMP IEA,ISS IEA,IDA IEA","ENSMUSG00000020102,ENSMUSG00000023912,ENSMUSG00000024130,ENSMUSG00000024354,ENSMUSG00000027577,ENSMUSG00000028238,ENSMUSG00000030096,ENSMUSG00000030340,ENSMUSG00000030737,ENSMUSG00000030762,ENSMUSG00000032849,ENSMUSG00000040441,ENSMUSG00000040584,ENSMUSG00000040938,ENSMUSG00000041078"
"Up-regulated",TRUE,0.00159853898747823,3,107,2,0.0186915887850467,0.666666666666667,"GO:0003989","GO:MF","acetyl-CoA carboxylase activity",23512,480,"GO:0016421","IDA IMP IGI IEA,IDA IMP ISS IEA","ENSMUSG00000020532,ENSMUSG00000042010"
"Up-regulated",TRUE,0.00176888306235013,18,107,3,0.0280373831775701,0.166666666666667,"GO:0008525","GO:MF","phosphatidylcholine transporter activity",23512,1735,"GO:0005548","IMP IEA,ISS IEA,IDA IEA","ENSMUSG00000017754,ENSMUSG00000024130,ENSMUSG00000040584"
"Up-regulated",TRUE,0.00197680557724322,398,107,9,0.0841121495327103,0.0226130653266332,"GO:0022804","GO:MF","active transmembrane transporter activity",23512,3490,"GO:0022857","IDA IEA,ISS IEA,IDA ISS IEA,IEA,IDA IEA,ISS IEA,IEA,EXP IEA,IEA","ENSMUSG00000020102,ENSMUSG00000024130,ENSMUSG00000024354,ENSMUSG00000028238,ENSMUSG00000030096,ENSMUSG00000032849,ENSMUSG00000040441,ENSMUSG00000040584,ENSMUSG00000040938"
"Up-regulated",TRUE,0.00197680557724322,19,107,3,0.0280373831775701,0.157894736842105,"GO:0004745","GO:MF","all-trans-retinol dehydrogenase (NAD+) activity",23512,993,"GO:0004022","IDA,IDA IEA,IGI IEA","ENSMUSG00000056148,ENSMUSG00000069456,ENSMUSG00000074207"
"Up-regulated",TRUE,0.00332289662513904,23,107,3,0.0280373831775701,0.130434782608696,"GO:0004022","GO:MF","alcohol dehydrogenase (NAD+) activity",23512,501,"GO:0018455","IDA,IDA IEA,IDA IGI TAS IEA","ENSMUSG00000056148,ENSMUSG00000069456,ENSMUSG00000074207"
"Up-regulated",TRUE,0.00411973037972705,5,107,2,0.0186915887850467,0.4,"GO:0050833","GO:MF","pyruvate transmembrane transporter activity",23512,7271,"GO:0008028","ISS IEA,ISS","ENSMUSG00000020102,ENSMUSG00000040938"
"Up-regulated",TRUE,0.00411973037972705,5,107,2,0.0186915887850467,0.4,"GO:0034189","GO:MF","very-low-density lipoprotein particle binding",23512,4623,"GO:0005515;GO:0071813","ISS IEA,IDA","ENSMUSG00000017754,ENSMUSG00000044254"
"Up-regulated",TRUE,0.0046689201276949,27,107,3,0.0280373831775701,0.111111111111111,"GO:0071814","GO:MF","protein-lipid complex binding",23512,8058,"GO:0044877","TAS,ISS IEA,IDA","ENSMUSG00000002588,ENSMUSG00000017754,ENSMUSG00000044254"
"Up-regulated",TRUE,0.0046689201276949,27,107,3,0.0280373831775701,0.111111111111111,"GO:0071813","GO:MF","lipoprotein particle binding",23512,8057,"GO:0071814","TAS,ISS IEA,IDA","ENSMUSG00000002588,ENSMUSG00000017754,ENSMUSG00000044254"
"Up-regulated",TRUE,0.0048978121132287,4324,107,35,0.327102803738318,0.00809435707678076,"GO:0046872","GO:MF","metal ion binding",23512,5627,"GO:0043169","ISS IEA,IEA,IEA,IEA,IEA,IEA,IEA,IEA,IEA,IEA,IEA,IEA,IEA,ISS IEA,IEA,ISS IEA,IEA,ISS IEA,IEA,IEA,IEA,ISS IEA,IEA,IEA,IEA,IEA,IEA,IEA,IEA,IEA,IEA,IEA,ISS,IEA,IEA","ENSMUSG00000002588,ENSMUSG00000005677,ENSMUSG00000011148,ENSMUSG00000017146,ENSMUSG00000020432,ENSMUSG00000020532,ENSMUSG00000020917,ENSMUSG00000021259,ENSMUSG00000022445,ENSMUSG00000023963,ENSMUSG00000024992,ENSMUSG00000025003,ENSMUSG00000026938,ENSMUSG00000027820,ENSMUSG00000028024,ENSMUSG00000029833,ENSMUSG00000030096,ENSMUSG00000030541,ENSMUSG00000031443,ENSMUSG00000031665,ENSMUSG00000032119,ENSMUSG00000032418,ENSMUSG00000037370,ENSMUSG00000039824,ENSMUSG00000041078,ENSMUSG00000041261,ENSMUSG00000042010,ENSMUSG00000042248,ENSMUSG00000044350,ENSMUSG00000052656,ENSMUSG00000054827,ENSMUSG00000061292,ENSMUSG00000072115,ENSMUSG00000074207,ENSMUSG00000094410"
"Up-regulated",TRUE,0.00519852511859086,6,107,2,0.0186915887850467,0.333333333333333,"GO:0016421","GO:MF","CoA carboxylase activity",23512,2709,"GO:0016885","IDA IMP IGI IEA,IDA IMP ISS IEA","ENSMUSG00000020532,ENSMUSG00000042010"
"Up-regulated",TRUE,0.00519852511859086,6,107,2,0.0186915887850467,0.333333333333333,"GO:0120019","GO:MF","phosphatidylcholine transfer activity",23512,9042,"GO:0008525;GO:0120014","IMP IEA,ISS IEA","ENSMUSG00000017754,ENSMUSG00000024130"
"Up-regulated",TRUE,0.00563885994003676,30,107,3,0.0280373831775701,0.1,"GO:0004364","GO:MF","glutathione transferase activity",23512,697,"GO:0016765","IDA IEA,ISS IEA,ISO IEA","ENSMUSG00000001665,ENSMUSG00000026688,ENSMUSG00000033318"
"Up-regulated",TRUE,0.0061788139850134,7,107,2,0.0186915887850467,0.285714285714286,"GO:1901702","GO:MF","salt transmembrane transporter activity",23512,9858,"GO:0022857","IDA IEA,ISS IEA","ENSMUSG00000024354,ENSMUSG00000032849"
"Up-regulated",TRUE,0.0061788139850134,139,107,5,0.0467289719626168,0.0359712230215827,"GO:0046943","GO:MF","carboxylic acid transmembrane transporter activity",23512,5652,"GO:0022857","ISS IEA,IDA IMP ISS IEA,IDA IEA,ISS IEA,ISS","ENSMUSG00000020102,ENSMUSG00000024354,ENSMUSG00000030096,ENSMUSG00000032849,ENSMUSG00000040938"
"Up-regulated",TRUE,0.0061788139850134,139,107,5,0.0467289719626168,0.0359712230215827,"GO:0005319","GO:MF","lipid transporter activity",23512,1379,"GO:0005215","IDA IMP IEA,ISS IEA,IEA,ISS ISO IEA,IDA IMP ISS IEA","ENSMUSG00000017754,ENSMUSG00000024130,ENSMUSG00000030737,ENSMUSG00000032849,ENSMUSG00000040584"
"Up-regulated",TRUE,0.0061788139850134,7,107,2,0.0186915887850467,0.285714285714286,"GO:0015143","GO:MF","urate transmembrane transporter activity",23512,2289,"GO:1901702","IDA IEA,ISS IEA","ENSMUSG00000024354,ENSMUSG00000032849"
"Up-regulated",TRUE,0.0061788139850134,32,107,3,0.0280373831775701,0.09375,"GO:0042910","GO:MF","xenobiotic transmembrane transporter activity",23512,5102,"GO:0022857","ISS IEA,ISS IEA,IMP IEA","ENSMUSG00000024130,ENSMUSG00000032849,ENSMUSG00000040584"
"Up-regulated",TRUE,0.0061788139850134,7,107,2,0.0186915887850467,0.285714285714286,"GO:0016885","GO:MF","ligase activity, forming carbon-carbon bonds",23512,2970,"GO:0016874","IDA IMP IGI IEA,IDA IMP ISS IEA","ENSMUSG00000020532,ENSMUSG00000042010"
"Up-regulated",TRUE,0.00693612149325782,2272,107,22,0.205607476635514,0.0096830985915493,"GO:1901363","GO:MF","heterocyclic compound binding",23512,9836,"GO:0036094","IEA,IEA,IEA,IDA ISS IEA,IEA,ISS IEA,IEA,IEA,IEA,IEA,IEA,IEA,IEA,IEA,IEA,IEA,IEA,IEA,IEA,IEA,IEA,IEA","ENSMUSG00000006494,ENSMUSG00000011148,ENSMUSG00000016194,ENSMUSG00000020432,ENSMUSG00000020532,ENSMUSG00000020534,ENSMUSG00000020917,ENSMUSG00000021416,ENSMUSG00000023045,ENSMUSG00000024130,ENSMUSG00000024899,ENSMUSG00000024992,ENSMUSG00000026307,ENSMUSG00000027605,ENSMUSG00000027952,ENSMUSG00000030541,ENSMUSG00000032418,ENSMUSG00000032849,ENSMUSG00000037370,ENSMUSG00000040181,ENSMUSG00000040584,ENSMUSG00000042010"
"Up-regulated",TRUE,0.00752882128649058,8,107,2,0.0186915887850467,0.25,"GO:0004771","GO:MF","sterol ester esterase activity",23512,1013,"GO:0016298;GO:0052689","IDA,ISS IEA","ENSMUSG00000056973,ENSMUSG00000057074"
"Up-regulated",TRUE,0.00829344322235655,634,107,10,0.0934579439252336,0.0157728706624606,"GO:0042803","GO:MF","protein homodimerization activity",23512,5081,"GO:0042802;GO:0046983","IEA,IEA,IEA,IEA,IEA,IEA,IEA,ISS IEA,ISS,IEA","ENSMUSG00000002588,ENSMUSG00000016194,ENSMUSG00000020534,ENSMUSG00000023912,ENSMUSG00000026307,ENSMUSG00000027820,ENSMUSG00000037370,ENSMUSG00000047617,ENSMUSG00000072115,ENSMUSG00000089960"
"Up-regulated",TRUE,0.00841654667290727,152,107,5,0.0467289719626168,0.0328947368421053,"GO:0052689","GO:MF","carboxylic ester hydrolase activity",23512,7487,"GO:0016788","IMP ISS IEA,IDA IEA,IDA ISS IEA,IDA IMP TAS IEA,ISS IEA","ENSMUSG00000002588,ENSMUSG00000002847,ENSMUSG00000027792,ENSMUSG00000056973,ENSMUSG00000057074"
"Up-regulated",TRUE,0.0089931177236567,9,107,2,0.0186915887850467,0.222222222222222,"GO:0008392","GO:MF","arachidonate epoxygenase activity",23512,1642,"GO:0008391","IDA IEA,IDA","ENSMUSG00000025003,ENSMUSG00000054827"
"Up-regulated",TRUE,0.0107207019429339,10,107,2,0.0186915887850467,0.2,"GO:0008035","GO:MF","high-density lipoprotein particle binding",23512,1492,"GO:0071813","TAS,ISS IEA","ENSMUSG00000002588,ENSMUSG00000017754"
"Up-regulated",TRUE,0.0107207019429339,10,107,2,0.0186915887850467,0.2,"GO:0015132","GO:MF","prostaglandin transmembrane transporter activity",23512,2278,"GO:0071714","IEA,ISS ISO IEA","ENSMUSG00000030737,ENSMUSG00000032849"
"Up-regulated",TRUE,0.0127862120402709,11,107,2,0.0186915887850467,0.181818181818182,"GO:0016846","GO:MF","carbon-sulfur lyase activity",23512,2938,"GO:0016829","IEA,IEA","ENSMUSG00000026307,ENSMUSG00000026688"
"Up-regulated",TRUE,0.0143800361732996,12,107,2,0.0186915887850467,0.166666666666667,"GO:0106435","GO:MF","carboxylesterase activity",23512,9025,"GO:0052689","IMP IEA,IEA","ENSMUSG00000056973,ENSMUSG00000057074"
"Up-regulated",TRUE,0.0143800361732996,12,107,2,0.0186915887850467,0.166666666666667,"GO:0140333","GO:MF","glycerophospholipid flippase activity",23512,9279,"GO:0005548;GO:0140327","ISS IEA,IDA","ENSMUSG00000024130,ENSMUSG00000040584"
"Up-regulated",TRUE,0.0143800361732996,12,107,2,0.0186915887850467,0.166666666666667,"GO:0071714","GO:MF","icosanoid transmembrane transporter activity",23512,8050,"GO:0170055","IEA,ISS ISO IEA","ENSMUSG00000030737,ENSMUSG00000032849"
"Up-regulated",TRUE,0.0156617786802427,107,107,4,0.0373831775700935,0.0373831775700935,"GO:0042626","GO:MF","ATPase-coupled transmembrane transporter activity",23512,5068,"GO:0015399;GO:0140657","ISS IEA,IEA,ISS IEA,EXP IEA","ENSMUSG00000024130,ENSMUSG00000028238,ENSMUSG00000032849,ENSMUSG00000040584"
"Up-regulated",TRUE,0.015985057508834,13,107,2,0.0186915887850467,0.153846153846154,"GO:0046624","GO:MF","sphingolipid transporter activity",23512,5608,"GO:0005319","IMP IEA,IDA","ENSMUSG00000017754,ENSMUSG00000040584"
"Up-regulated",TRUE,0.015985057508834,50,107,3,0.0280373831775701,0.06,"GO:0033293","GO:MF","monocarboxylic acid binding",23512,4232,"GO:0031406","IEA,IEA,IEA","ENSMUSG00000015090,ENSMUSG00000042010,ENSMUSG00000089960"
"Up-regulated",TRUE,0.0166323005503657,719,107,10,0.0934579439252336,0.0139082058414465,"GO:0008289","GO:MF","lipid binding",23512,1606,"GO:0005488","IEA,IEA,IDA ISS IEA,IEA,ISO IEA,IEA,IEA,IEA,IDA IMP IEA,IEA","ENSMUSG00000002588,ENSMUSG00000010601,ENSMUSG00000015090,ENSMUSG00000017754,ENSMUSG00000020669,ENSMUSG00000021416,ENSMUSG00000023045,ENSMUSG00000027820,ENSMUSG00000060807,ENSMUSG00000089960"
"Up-regulated",TRUE,0.0171271116971768,52,107,3,0.0280373831775701,0.0576923076923077,"GO:0140359","GO:MF","ABC-type transporter activity",23512,9297,"GO:0042626","ISS IEA,ISS IEA,IEA","ENSMUSG00000024130,ENSMUSG00000032849,ENSMUSG00000040584"
"Up-regulated",TRUE,0.0172890796734059,14,107,2,0.0186915887850467,0.142857142857143,"GO:1901611","GO:MF","phosphatidylglycerol binding",23512,9850,"GO:0005543;GO:0043168","IEA,IEA","ENSMUSG00000017754,ENSMUSG00000027820"
"Up-regulated",TRUE,0.0172890796734059,14,107,2,0.0186915887850467,0.142857142857143,"GO:0000062","GO:MF","fatty-acyl-CoA binding",23512,16,"GO:0120227;GO:1901567","IEA,IEA","ENSMUSG00000021416,ENSMUSG00000023045"
"Up-regulated",TRUE,0.0185855372150738,15,107,2,0.0186915887850467,0.133333333333333,"GO:0015562","GO:MF","efflux transmembrane transporter activity",23512,2545,"GO:0022857","IEA,IMP","ENSMUSG00000032849,ENSMUSG00000040584"
"Up-regulated",TRUE,0.0185855372150738,1003,107,12,0.11214953271028,0.0119641076769691,"GO:0046983","GO:MF","protein dimerization activity",23512,5670,"GO:0005515","IEA,IEA,IEA,IEA,IEA,IEA,IEA,IEA,ISS IEA,ISS,IEA,IEA","ENSMUSG00000002588,ENSMUSG00000005373,ENSMUSG00000016194,ENSMUSG00000020534,ENSMUSG00000023912,ENSMUSG00000026307,ENSMUSG00000027820,ENSMUSG00000037370,ENSMUSG00000047617,ENSMUSG00000072115,ENSMUSG00000089960,ENSMUSG00000094410"
"Up-regulated",TRUE,0.0185855372150738,15,107,2,0.0186915887850467,0.133333333333333,"GO:0140327","GO:MF","flippase activity",23512,9276,"GO:0140326","ISS IEA,IDA","ENSMUSG00000024130,ENSMUSG00000040584"
"Up-regulated",TRUE,0.0185855372150738,15,107,2,0.0186915887850467,0.133333333333333,"GO:1901567","GO:MF","fatty acid derivative binding",23512,9846,"GO:0008289","IEA,IEA","ENSMUSG00000021416,ENSMUSG00000023045"
"Up-regulated",TRUE,0.0191798524209358,2374,107,21,0.196261682242991,0.0088458298230834,"GO:0043168","GO:MF","anion binding",23512,5157,"GO:0043167","IEA,IEA,IEA,IEA,IEA,ISS IEA,IEA,IEA,IEA,IEA,IEA,IEA,IEA,IEA,IEA,IEA,IEA,IEA,IEA,IEA,IEA","ENSMUSG00000006494,ENSMUSG00000011148,ENSMUSG00000015090,ENSMUSG00000017754,ENSMUSG00000020532,ENSMUSG00000020534,ENSMUSG00000020917,ENSMUSG00000021416,ENSMUSG00000023045,ENSMUSG00000024130,ENSMUSG00000024899,ENSMUSG00000024992,ENSMUSG00000027605,ENSMUSG00000027820,ENSMUSG00000027952,ENSMUSG00000032849,ENSMUSG00000037370,ENSMUSG00000040181,ENSMUSG00000040584,ENSMUSG00000042010,ENSMUSG00000089960"
"Up-regulated",TRUE,0.022117325069064,17,107,2,0.0186915887850467,0.117647058823529,"GO:0032977","GO:MF","membrane insertase activity",23512,4197,"GO:0140597","ISS IEA,ISS IEA","ENSMUSG00000008140,ENSMUSG00000078517"
"Up-regulated",TRUE,0.022117325069064,17,107,2,0.0186915887850467,0.117647058823529,"GO:0120227","GO:MF","acyl-CoA binding",23512,9064,"GO:0043168;GO:1901265;GO:1901363;GO:1901681","IEA,IEA","ENSMUSG00000021416,ENSMUSG00000023045"
"Up-regulated",TRUE,0.022117325069064,126,107,4,0.0373831775700935,0.0317460317460317,"GO:0031406","GO:MF","carboxylic acid binding",23512,3831,"GO:0043168;GO:0043177","IEA,IEA,IEA,IEA","ENSMUSG00000015090,ENSMUSG00000020534,ENSMUSG00000042010,ENSMUSG00000089960"
"Up-regulated",TRUE,0.022117325069064,17,107,2,0.0186915887850467,0.117647058823529,"GO:0030169","GO:MF","low-density lipoprotein particle binding",23512,3566,"GO:0071813","ISS IEA,IDA","ENSMUSG00000017754,ENSMUSG00000044254"
"Up-regulated",TRUE,0.0222282259316063,61,107,3,0.0280373831775701,0.0491803278688525,"GO:0005548","GO:MF","phospholipid transporter activity",23512,1478,"GO:0005319","IDA IMP IEA,ISS IEA,IDA IEA","ENSMUSG00000017754,ENSMUSG00000024130,ENSMUSG00000040584"
"Up-regulated",TRUE,0.022578294240574,128,107,4,0.0373831775700935,0.03125,"GO:0043177","GO:MF","organic acid binding",23512,5161,"GO:0036094","IEA,IEA,IEA,IEA","ENSMUSG00000015090,ENSMUSG00000020534,ENSMUSG00000042010,ENSMUSG00000089960"
"Up-regulated",TRUE,0.0226070084998168,62,107,3,0.0280373831775701,0.0483870967741935,"GO:0016765","GO:MF","transferase activity, transferring alkyl or aryl (other than methyl) groups",23512,2878,"GO:0016740","IDA IEA,ISS IEA,ISO IEA","ENSMUSG00000001665,ENSMUSG00000026688,ENSMUSG00000033318"
"Up-regulated",TRUE,0.0227409299716186,130,107,4,0.0373831775700935,0.0307692307692308,"GO:0019842","GO:MF","vitamin binding",23512,3439,"GO:0036094","IDA ISS IEA,ISS IEA,IEA,IEA","ENSMUSG00000020432,ENSMUSG00000020534,ENSMUSG00000026307,ENSMUSG00000042010"
"Up-regulated",TRUE,0.0227409299716186,18,107,2,0.0186915887850467,0.111111111111111,"GO:0120014","GO:MF","phospholipid transfer activity",23512,9038,"GO:0005548;GO:0120013","IDA IMP IEA,ISS IEA","ENSMUSG00000017754,ENSMUSG00000024130"
"Up-regulated",TRUE,0.0227409299716186,18,107,2,0.0186915887850467,0.111111111111111,"GO:0008395","GO:MF","steroid hydroxylase activity",23512,1643,"GO:0004497","ISS IEA,IDA IEA","ENSMUSG00000021259,ENSMUSG00000023963"
"Up-regulated",TRUE,0.0248932460020453,1,107,1,0.00934579439252336,1,"GO:0070012","GO:MF","oligopeptidase activity",23512,7859,"GO:0004175","IEA","ENSMUSG00000027820"
"Up-regulated",TRUE,0.0248932460020453,1,107,1,0.00934579439252336,1,"GO:0004790","GO:MF","thioether S-methyltransferase activity",23512,1030,"GO:0008172;GO:0008757","IDA IEA","ENSMUSG00000003477"
"Up-regulated",TRUE,0.0248932460020453,1,107,1,0.00934579439252336,1,"GO:0070524","GO:MF","11-beta-hydroxysteroid dehydrogenase (NADP+) activity",23512,7937,"GO:0033764","IDA IMP IEA","ENSMUSG00000016194"
"Up-regulated",TRUE,0.0248932460020453,1,107,1,0.00934579439252336,1,"GO:0004631","GO:MF","phosphomevalonate kinase activity",23512,906,"GO:0016301;GO:0016776","IDA IEA","ENSMUSG00000027952"
"Up-regulated",TRUE,0.0248932460020453,1,107,1,0.00934579439252336,1,"GO:0004230","GO:MF","glutamyl aminopeptidase activity",23512,637,"GO:0004177","IEA","ENSMUSG00000028024"
"Up-regulated",TRUE,0.0248932460020453,1,107,1,0.00934579439252336,1,"GO:0050038","GO:MF","L-xylulose reductase (NADPH) activity",23512,6688,"GO:0016616","IDA ISO IEA","ENSMUSG00000039450"
"Up-regulated",TRUE,0.0248932460020453,1,107,1,0.00934579439252336,1,"GO:0052903","GO:MF","N(1)-acetylpolyamine oxidase activity",23512,7615,"GO:0046592","IEA","ENSMUSG00000025464"
"Up-regulated",TRUE,0.0248932460020453,1,107,1,0.00934579439252336,1,"GO:0106177","GO:MF","cyclic-GMP-AMP hydrolase activity",23512,8909,"GO:0016818","IEA","ENSMUSG00000037370"
"Up-regulated",TRUE,0.0248932460020453,1,107,1,0.00934579439252336,1,"GO:0098615","GO:MF","dimethyl selenide methyltransferase activity",23512,8386,"GO:0008168","TAS","ENSMUSG00000003477"
"Up-regulated",TRUE,0.0248932460020453,1,107,1,0.00934579439252336,1,"GO:0062184","GO:MF","testosterone 16-beta-hydroxylase activity",23512,7833,"GO:0008395","IEA","ENSMUSG00000021259"
"Up-regulated",TRUE,0.0248932460020453,1,107,1,0.00934579439252336,1,"GO:0030339","GO:MF","fatty-acyl-ethyl-ester synthase activity",23512,3613,"GO:0052689","IEA","ENSMUSG00000056973"
"Up-regulated",TRUE,0.0248932460020453,1,107,1,0.00934579439252336,1,"GO:0030748","GO:MF","amine N-methyltransferase activity",23512,3727,"GO:0008757","ISS IEA","ENSMUSG00000003477"
"Up-regulated",TRUE,0.0248932460020453,1,107,1,0.00934579439252336,1,"GO:0035538","GO:MF","carbohydrate response element binding",23512,4788,"GO:0000978","TAS","ENSMUSG00000005373"
"Up-regulated",TRUE,0.0248932460020453,1,107,1,0.00934579439252336,1,"GO:0015264","GO:MF","methylammonium channel activity",23512,2373,"GO:0015200;GO:0015267","ISS IEA","ENSMUSG00000030762"
"Up-regulated",TRUE,0.0248932460020453,1,107,1,0.00934579439252336,1,"GO:0047975","GO:MF","guanosine phosphorylase activity",23512,6591,"GO:0004731","ISS IEA","ENSMUSG00000044350"
"Up-regulated",TRUE,0.0248932460020453,1,107,1,0.00934579439252336,1,"GO:0047022","GO:MF","7-beta-hydroxysteroid dehydrogenase (NADP+) activity",23512,5701,"GO:0033764","IEA","ENSMUSG00000016194"
"Up-regulated",TRUE,0.0248932460020453,136,107,4,0.0373831775700935,0.0294117647058824,"GO:0015293","GO:MF","symporter activity",23512,2390,"GO:0015291","IDA IEA,IDA ISS IEA,IDA IEA,IEA","ENSMUSG00000020102,ENSMUSG00000024354,ENSMUSG00000030096,ENSMUSG00000040938"
"Up-regulated",TRUE,0.0248932460020453,2328,107,20,0.186915887850467,0.00859106529209622,"GO:0046914","GO:MF","transition metal ion binding",23512,5638,"GO:0046872","IEA,IEA,IEA,IEA,IEA,IEA,ISS IEA,IEA,ISS IEA,IEA,IEA,ISS IEA,IEA,IEA,IEA,IEA,IEA,ISS,IEA,IEA","ENSMUSG00000005677,ENSMUSG00000017146,ENSMUSG00000021259,ENSMUSG00000022445,ENSMUSG00000023963,ENSMUSG00000025003,ENSMUSG00000027820,ENSMUSG00000028024,ENSMUSG00000029833,ENSMUSG00000031665,ENSMUSG00000032119,ENSMUSG00000032418,ENSMUSG00000041261,ENSMUSG00000042248,ENSMUSG00000052656,ENSMUSG00000054827,ENSMUSG00000061292,ENSMUSG00000072115,ENSMUSG00000074207,ENSMUSG00000094410"
"Up-regulated",TRUE,0.0248932460020453,1,107,1,0.00934579439252336,1,"GO:0009000","GO:MF","selenocysteine lyase activity",23512,2041,"GO:0016846","IEA","ENSMUSG00000026307"
"Up-regulated",TRUE,0.0248932460020453,1,107,1,0.00934579439252336,1,"GO:0140337","GO:MF","diacylglyceride transfer activity",23512,9282,"GO:0120013","IEA","ENSMUSG00000017754"
"Up-regulated",TRUE,0.0248932460020453,2155,107,19,0.177570093457944,0.00881670533642691,"GO:1901265","GO:MF","nucleoside phosphate binding",23512,9833,"GO:0005488","IEA,IEA,IEA,IEA,IEA,IEA,IEA,IEA,IEA,IEA,IEA,IEA,IEA,IEA,IEA,IEA,IEA,IEA,IEA","ENSMUSG00000006494,ENSMUSG00000011148,ENSMUSG00000016194,ENSMUSG00000020532,ENSMUSG00000020917,ENSMUSG00000021416,ENSMUSG00000023045,ENSMUSG00000024130,ENSMUSG00000024899,ENSMUSG00000024992,ENSMUSG00000027605,ENSMUSG00000027952,ENSMUSG00000030541,ENSMUSG00000032418,ENSMUSG00000032849,ENSMUSG00000037370,ENSMUSG00000040181,ENSMUSG00000040584,ENSMUSG00000042010"
"Up-regulated",TRUE,0.0248932460020453,1,107,1,0.00934579439252336,1,"GO:0031559","GO:MF","oxidosqualene cyclase activity",23512,3856,"GO:0016866","ISS IEA","ENSMUSG00000033105"
"Up-regulated",TRUE,0.0248932460020453,2185,107,19,0.177570093457944,0.00869565217391304,"GO:0016740","GO:MF","transferase activity",23512,2855,"GO:0003824","IDA IEA,IDA ISS TAS IEA,ISS IEA,ISS IEA,IMP IGI ISS IEA,IDA ISS IEA,IDA IEA,IEA,IDA IMP ISS IEA,ISS IEA,IDA IEA,IDA IEA,ISO IEA,IDA IEA,ISS IEA,ISS IEA,IEA,ISS ISO IEA,IEA","ENSMUSG00000001665,ENSMUSG00000003477,ENSMUSG00000006494,ENSMUSG00000017146,ENSMUSG00000020534,ENSMUSG00000020917,ENSMUSG00000023045,ENSMUSG00000023832,ENSMUSG00000024899,ENSMUSG00000026688,ENSMUSG00000027952,ENSMUSG00000029833,ENSMUSG00000033318,ENSMUSG00000041220,ENSMUSG00000044350,ENSMUSG00000052656,ENSMUSG00000089943,ENSMUSG00000089960,ENSMUSG00000094156"
"Up-regulated",TRUE,0.0248932460020453,1,107,1,0.00934579439252336,1,"GO:0033781","GO:MF","cholesterol 24-hydroxylase activity",23512,4382,"GO:0016709","IDA ISS IEA","ENSMUSG00000021259"
"Up-regulated",TRUE,0.0248932460020453,1,107,1,0.00934579439252336,1,"GO:0140339","GO:MF","phosphatidylglycerol transfer activity",23512,9284,"GO:0120014","IEA","ENSMUSG00000017754"
"Up-regulated",TRUE,0.0248932460020453,1,107,1,0.00934579439252336,1,"GO:0003878","GO:MF","ATP citrate synthase activity",23512,404,"GO:0046912","IDA ISS IEA","ENSMUSG00000020917"
"Up-regulated",TRUE,0.0248932460020453,1,107,1,0.00934579439252336,1,"GO:0000250","GO:MF","lanosterol synthase activity",23512,47,"GO:0031559","ISS IEA","ENSMUSG00000033105"
"Up-regulated",TRUE,0.0248932460020453,1,107,1,0.00934579439252336,1,"GO:0140340","GO:MF","cerebroside transfer activity",23512,9285,"GO:0017089;GO:0120017","IEA","ENSMUSG00000017754"
"Up-regulated",TRUE,0.026756921301745,150,107,4,0.0373831775700935,0.0266666666666667,"GO:0015399","GO:MF","primary active transmembrane transporter activity",23512,2445,"GO:0022804","ISS IEA,IEA,ISS IEA,EXP IEA","ENSMUSG00000024130,ENSMUSG00000028238,ENSMUSG00000032849,ENSMUSG00000040584"
"Up-regulated",TRUE,0.0284470719094166,24,107,2,0.0186915887850467,0.0833333333333333,"GO:0008106","GO:MF","alcohol dehydrogenase (NADP+) activity",23512,1513,"GO:0018455","ISS IEA,IEA","ENSMUSG00000021094,ENSMUSG00000052131"
"Up-regulated",TRUE,0.0326851377500685,254,107,5,0.0467289719626168,0.0196850393700787,"GO:0015291","GO:MF","secondary active transmembrane transporter activity",23512,2388,"GO:0022804","IDA IEA,IDA ISS IEA,IDA IEA,IEA,IEA","ENSMUSG00000020102,ENSMUSG00000024354,ENSMUSG00000030096,ENSMUSG00000040441,ENSMUSG00000040938"
"Up-regulated",TRUE,0.0351680427621855,27,107,2,0.0186915887850467,0.0740740740740741,"GO:0016709","GO:MF","oxidoreductase activity, acting on paired donors, with incorporation or reduction of molecular oxygen, NAD(P)H as one donor, and incorporation of one atom of oxygen",23512,2831,"GO:0004497;GO:0016705","IDA ISS IEA,IMP ISS IEA","ENSMUSG00000021259,ENSMUSG00000040181"
"Up-regulated",TRUE,0.0357368777765377,2,107,1,0.00934579439252336,0.5,"GO:0004473","GO:MF","malate dehydrogenase (decarboxylating) (NADP+) activity",23512,778,"GO:0004470;GO:0016616","IDA IMP ISS IEA","ENSMUSG00000032418"
"Up-regulated",TRUE,0.0357368777765377,2,107,1,0.00934579439252336,0.5,"GO:0004779","GO:MF","sulfate adenylyltransferase activity",23512,1021,"GO:0070566","IDA IMP ISS IEA","ENSMUSG00000024899"
"Up-regulated",TRUE,0.0357368777765377,29,107,2,0.0186915887850467,0.0689655172413793,"GO:0005343","GO:MF","organic acid:sodium symporter activity",23512,1390,"GO:0015370","IDA ISS IEA,IDA IEA","ENSMUSG00000024354,ENSMUSG00000030096"
"Up-regulated",TRUE,0.0357368777765377,2,107,1,0.00934579439252336,0.5,"GO:0004781","GO:MF","sulfate adenylyltransferase (ATP) activity",23512,1023,"GO:0004779","IDA IMP ISS IEA","ENSMUSG00000024899"
"Up-regulated",TRUE,0.0357368777765377,90,107,3,0.0280373831775701,0.0333333333333333,"GO:0005496","GO:MF","steroid binding",23512,1444,"GO:0008289","IEA,IDA IMP IEA,IEA","ENSMUSG00000023045,ENSMUSG00000060807,ENSMUSG00000089960"
"Up-regulated",TRUE,0.0357368777765377,2,107,1,0.00934579439252336,0.5,"GO:0004063","GO:MF","aryldialkylphosphatase activity",23512,536,"GO:0016795","ISS IEA","ENSMUSG00000002588"
"Up-regulated",TRUE,0.0357368777765377,2,107,1,0.00934579439252336,0.5,"GO:0003990","GO:MF","acetylcholinesterase activity",23512,481,"GO:0004104","IDA","ENSMUSG00000027792"
"Up-regulated",TRUE,0.0357368777765377,2,107,1,0.00934579439252336,0.5,"GO:0004019","GO:MF","adenylosuccinate synthase activity",23512,498,"GO:0016879","IDA IEA","ENSMUSG00000011148"
"Up-regulated",TRUE,0.0357368777765377,2,107,1,0.00934579439252336,0.5,"GO:0004372","GO:MF","glycine hydroxymethyltransferase activity",23512,704,"GO:0016742","IMP IGI ISS IEA","ENSMUSG00000020534"
"Up-regulated",TRUE,0.0357368777765377,2,107,1,0.00934579439252336,0.5,"GO:0004020","GO:MF","adenylylsulfate kinase activity",23512,499,"GO:0016301;GO:0016773","IDA IMP IEA","ENSMUSG00000024899"
"Up-regulated",TRUE,0.0357368777765377,2,107,1,0.00934579439252336,0.5,"GO:0030881","GO:MF","beta-2-microglobulin binding",23512,3776,"GO:0005515","ISS IEA","ENSMUSG00000026471"
"Up-regulated",TRUE,0.0357368777765377,2,107,1,0.00934579439252336,0.5,"GO:0004450","GO:MF","isocitrate dehydrogenase (NADP+) activity",23512,757,"GO:0004448","IDA ISS IEA","ENSMUSG00000030541"
"Up-regulated",TRUE,0.0357368777765377,2,107,1,0.00934579439252336,0.5,"GO:0017159","GO:MF","pantetheine hydrolase activity",23512,3073,"GO:0016811","IDA IEA","ENSMUSG00000020010"
"Up-regulated",TRUE,0.0357368777765377,1629,107,15,0.14018691588785,0.00920810313075507,"GO:0030554","GO:MF","adenyl nucleotide binding",23512,3665,"GO:0017076","IEA,IEA,IEA,IEA,IEA,IEA,IEA,IEA,IEA,IEA,IEA,IEA,IEA,IEA,IEA","ENSMUSG00000006494,ENSMUSG00000016194,ENSMUSG00000020532,ENSMUSG00000020917,ENSMUSG00000024130,ENSMUSG00000024899,ENSMUSG00000027605,ENSMUSG00000027952,ENSMUSG00000030541,ENSMUSG00000032418,ENSMUSG00000032849,ENSMUSG00000037370,ENSMUSG00000040181,ENSMUSG00000040584,ENSMUSG00000042010"
"Up-regulated",TRUE,0.0357368777765377,2326,107,19,0.177570093457944,0.00816852966466036,"GO:0016787","GO:MF","hydrolase activity",23512,2894,"GO:0003824","IMP ISS IEA,IDA IEA,IDA IEA,IEA,ISS IEA,IEA,IDA ISS IEA,IDA IMP IGI ISS ISO IEA,IDA IMP ISS IEA,IEA,IEA,IEA,IEA,IDA IEA,ISS IEA,ISS IEA,IDA IMP TAS IEA,ISS IEA,IEA","ENSMUSG00000002588,ENSMUSG00000002847,ENSMUSG00000020010,ENSMUSG00000020926,ENSMUSG00000024130,ENSMUSG00000024992,ENSMUSG00000027792,ENSMUSG00000027820,ENSMUSG00000028024,ENSMUSG00000029102,ENSMUSG00000031443,ENSMUSG00000032849,ENSMUSG00000037370,ENSMUSG00000040584,ENSMUSG00000044254,ENSMUSG00000044350,ENSMUSG00000056973,ENSMUSG00000057074,ENSMUSG00000078964"
"Up-regulated",TRUE,0.0357368777765377,2,107,1,0.00934579439252336,0.5,"GO:0016795","GO:MF","phosphoric triester hydrolase activity",23512,2900,"GO:0042578","ISS IEA","ENSMUSG00000002588"
"Up-regulated",TRUE,0.0357368777765377,31,107,2,0.0186915887850467,0.0645161290322581,"GO:0033764","GO:MF","steroid dehydrogenase activity, acting on the CH-OH group of donors, NAD or NADP as acceptor",23512,4369,"GO:0016229;GO:0016616","IDA IMP IEA,IEA","ENSMUSG00000016194,ENSMUSG00000069456"
"Up-regulated",TRUE,0.0357368777765377,2,107,1,0.00934579439252336,0.5,"GO:0036130","GO:MF","prostaglandin H2 endoperoxidase reductase activity",23512,4854,"GO:0016616","IEA","ENSMUSG00000052131"
"Up-regulated",TRUE,0.0357368777765377,1985,107,17,0.158878504672897,0.00856423173803527,"GO:0017076","GO:MF","purine nucleotide binding",23512,3041,"GO:0000166","IEA,IEA,IEA,IEA,IEA,IEA,IEA,IEA,IEA,IEA,IEA,IEA,IEA,IEA,IEA,IEA,IEA","ENSMUSG00000006494,ENSMUSG00000011148,ENSMUSG00000016194,ENSMUSG00000020532,ENSMUSG00000020917,ENSMUSG00000024130,ENSMUSG00000024899,ENSMUSG00000024992,ENSMUSG00000027605,ENSMUSG00000027952,ENSMUSG00000030541,ENSMUSG00000032418,ENSMUSG00000032849,ENSMUSG00000037370,ENSMUSG00000040181,ENSMUSG00000040584,ENSMUSG00000042010"
"Up-regulated",TRUE,0.0357368777765377,2,107,1,0.00934579439252336,0.5,"GO:0017089","GO:MF","glycolipid transfer activity",23512,3047,"GO:0120013","IEA","ENSMUSG00000017754"
"Up-regulated",TRUE,0.0357368777765377,167,107,4,0.0373831775700935,0.0239520958083832,"GO:0016874","GO:MF","ligase activity",23512,2961,"GO:0003824","IDA IEA,IDA IMP IGI IEA,IDA IMP IEA,IDA IMP ISS IEA","ENSMUSG00000011148,ENSMUSG00000020532,ENSMUSG00000027605,ENSMUSG00000042010"
"Up-regulated",TRUE,0.0357368777765377,2,107,1,0.00934579439252336,0.5,"GO:0017061","GO:MF","S-methyl-5-thioadenosine phosphorylase activity",23512,3034,"GO:0004731","ISS IEA","ENSMUSG00000044350"
"Up-regulated",TRUE,0.0357368777765377,2,107,1,0.00934579439252336,0.5,"GO:0009374","GO:MF","biotin binding",23512,2078,"GO:0019842;GO:0033293;GO:1901363;GO:1901681","IEA","ENSMUSG00000042010"
"Up-regulated",TRUE,0.0357368777765377,2,107,1,0.00934579439252336,0.5,"GO:0008520","GO:MF","L-ascorbate:sodium symporter activity",23512,1732,"GO:0005343;GO:0005402;GO:0015145;GO:0046943","IDA ISS IEA","ENSMUSG00000024354"
"Up-regulated",TRUE,0.0357368777765377,2,107,1,0.00934579439252336,0.5,"GO:0050649","GO:MF","testosterone 6-beta-hydroxylase activity",23512,7236,"GO:0008395","IEA","ENSMUSG00000021259"
"Up-regulated",TRUE,0.0357368777765377,2,107,1,0.00934579439252336,0.5,"GO:0099038","GO:MF","ceramide floppase activity",23512,8430,"GO:0046623","IDA","ENSMUSG00000040584"
"Up-regulated",TRUE,0.0357368777765377,2,107,1,0.00934579439252336,0.5,"GO:0099530","GO:MF","G protein-coupled receptor activity involved in regulation of postsynaptic membrane potential",23512,8451,"GO:0004930","IEA","ENSMUSG00000041078"
"Up-regulated",TRUE,0.0357368777765377,2,107,1,0.00934579439252336,0.5,"GO:0106429","GO:MF","11-cis-retinol dehydrogenase (NAD+) activity",23512,9020,"GO:0004022","IEA","ENSMUSG00000069456"
"Up-regulated",TRUE,0.0357368777765377,2,107,1,0.00934579439252336,0.5,"GO:0015200","GO:MF","methylammonium transmembrane transporter activity",23512,2337,"GO:0005275","ISS IEA","ENSMUSG00000030762"
"Up-regulated",TRUE,0.0357368777765377,2,107,1,0.00934579439252336,0.5,"GO:0015229","GO:MF","L-ascorbic acid transmembrane transporter activity",23512,2360,"GO:0015145;GO:0046943;GO:0090482","IDA IMP IEA","ENSMUSG00000024354"
"Up-regulated",TRUE,0.0357368777765377,2,107,1,0.00934579439252336,0.5,"GO:0046592","GO:MF","polyamine oxidase activity",23512,5604,"GO:0016647","IDA ISO IEA","ENSMUSG00000025464"
"Up-regulated",TRUE,0.0357368777765377,2,107,1,0.00934579439252336,0.5,"GO:0046936","GO:MF","2'-deoxyadenosine deaminase activity",23512,5650,"GO:0016814;GO:0019239","IEA","ENSMUSG00000044350"
"Up-regulated",TRUE,0.0357368777765377,2,107,1,0.00934579439252336,0.5,"GO:0008405","GO:MF","arachidonate 11,12-epoxygenase activity",23512,1650,"GO:0008392","IDA IEA","ENSMUSG00000025003"
"Up-regulated",TRUE,0.0357368777765377,2,107,1,0.00934579439252336,0.5,"GO:0140338","GO:MF","sphingomyelin transfer activity",23512,9283,"GO:0120014;GO:0120016","IMP IEA","ENSMUSG00000017754"
"Up-regulated",TRUE,0.0357368777765377,28,107,2,0.0186915887850467,0.0714285714285714,"GO:0140326","GO:MF","ATPase-coupled intramembrane lipid transporter activity",23512,9275,"GO:0140303;GO:0140657","ISS IEA,IDA IMP ISS IEA","ENSMUSG00000024130,ENSMUSG00000040584"
"Up-regulated",TRUE,0.0386085976858456,33,107,2,0.0186915887850467,0.0606060606060606,"GO:0005501","GO:MF","retinoid binding",23512,1448,"GO:0019840","IDA ISS IEA,IEA","ENSMUSG00000015090,ENSMUSG00000089960"
"Up-regulated",TRUE,0.0406107267233169,34,107,2,0.0186915887850467,0.0588235294117647,"GO:0015020","GO:MF","glucuronosyltransferase activity",23512,2210,"GO:0008194;GO:0016758","IEA,ISS ISO IEA","ENSMUSG00000089943,ENSMUSG00000089960"
"Up-regulated",TRUE,0.044517091958321,3,107,1,0.00934579439252336,0.333333333333333,"GO:0016647","GO:MF","oxidoreductase activity, acting on the CH-NH group of donors, oxygen as acceptor",23512,2790,"GO:0016645","IDA ISO IEA","ENSMUSG00000025464"
"Up-regulated",TRUE,0.044517091958321,3,107,1,0.00934579439252336,0.333333333333333,"GO:0004470","GO:MF","malic enzyme activity",23512,776,"GO:0016615","IDA IMP ISS IEA","ENSMUSG00000032418"
"Up-regulated",TRUE,0.044517091958321,3,107,1,0.00934579439252336,0.333333333333333,"GO:0033782","GO:MF","24S-hydroxycholesterol 7-alpha-hydroxylase activity",23512,4383,"GO:0008387;GO:0016712","IEA","ENSMUSG00000023963"
"Up-regulated",TRUE,0.044517091958321,3,107,1,0.00934579439252336,0.333333333333333,"GO:0004104","GO:MF","cholinesterase activity",23512,567,"GO:0052689","IDA ISS IEA","ENSMUSG00000027792"
"Up-regulated",TRUE,0.044517091958321,197,107,4,0.0373831775700935,0.0203045685279188,"GO:0016829","GO:MF","lyase activity",23512,2924,"GO:0003824","IEA,IEA,ISS IEA,IEA","ENSMUSG00000026307,ENSMUSG00000026688,ENSMUSG00000032418,ENSMUSG00000041261"
"Up-regulated",TRUE,0.044517091958321,3,107,1,0.00934579439252336,0.333333333333333,"GO:0097621","GO:MF","monoamine oxidase activity",23512,8352,"GO:0016641","ISS IEA","ENSMUSG00000040147"
"Up-regulated",TRUE,0.044517091958321,3,107,1,0.00934579439252336,0.333333333333333,"GO:0071614","GO:MF","linoleic acid epoxygenase activity",23512,8045,"GO:0004497;GO:0016705","IDA","ENSMUSG00000054827"
"Up-regulated",TRUE,0.044517091958321,3,107,1,0.00934579439252336,0.333333333333333,"GO:0046573","GO:MF","lactonohydrolase activity",23512,5597,"GO:0052689","IEA","ENSMUSG00000002588"
"Up-regulated",TRUE,0.044517091958321,3,107,1,0.00934579439252336,0.333333333333333,"GO:0046623","GO:MF","sphingolipid floppase activity",23512,5607,"GO:0046624;GO:0140328","IDA","ENSMUSG00000040584"
"Up-regulated",TRUE,0.044517091958321,3,107,1,0.00934579439252336,0.333333333333333,"GO:0033285","GO:MF","ATPase-coupled monocarboxylic acid transmembrane transporter activity",23512,4229,"GO:0008028;GO:0033284","ISS IEA","ENSMUSG00000032849"
"Up-regulated",TRUE,0.044517091958321,3,107,1,0.00934579439252336,0.333333333333333,"GO:0033284","GO:MF","ATPase-coupled carboxylic acid transmembrane transporter activity",23512,4228,"GO:0042626;GO:0046943","ISS IEA","ENSMUSG00000032849"
"Up-regulated",TRUE,0.044517091958321,3,107,1,0.00934579439252336,0.333333333333333,"GO:0034736","GO:MF","cholesterol O-acyltransferase activity",23512,4698,"GO:0004772","IEA","ENSMUSG00000023045"
"Up-regulated",TRUE,0.044517091958321,3,107,1,0.00934579439252336,0.333333333333333,"GO:0034899","GO:MF","trimethylamine monooxygenase activity",23512,4710,"GO:0016709","ISS IEA","ENSMUSG00000040181"
"Up-regulated",TRUE,0.044517091958321,3,107,1,0.00934579439252336,0.333333333333333,"GO:0033265","GO:MF","choline binding",23512,4226,"GO:0043169","IEA","ENSMUSG00000027792"
"Up-regulated",TRUE,0.044517091958321,36,107,2,0.0186915887850467,0.0555555555555556,"GO:0019840","GO:MF","isoprenoid binding",23512,3437,"GO:0008289","IDA ISS IEA,IEA","ENSMUSG00000015090,ENSMUSG00000089960"
"Up-regulated",TRUE,0.044517091958321,3,107,1,0.00934579439252336,0.333333333333333,"GO:0005369","GO:MF","taurine:sodium symporter activity",23512,1411,"GO:0005343;GO:0005368","IDA IEA","ENSMUSG00000030096"
"Up-regulated",TRUE,0.044517091958321,3,107,1,0.00934579439252336,0.333333333333333,"GO:0004772","GO:MF","sterol O-acyltransferase activity",23512,1014,"GO:0008374","IDA IEA","ENSMUSG00000023045"
"Up-regulated",TRUE,0.044517091958321,3,107,1,0.00934579439252336,0.333333333333333,"GO:0004667","GO:MF","prostaglandin-D synthase activity",23512,939,"GO:0016860","IDA ISS IEA","ENSMUSG00000015090"
"Up-regulated",TRUE,0.044517091958321,3,107,1,0.00934579439252336,0.333333333333333,"GO:1904121","GO:MF","phosphatidylethanolamine transfer activity",23512,9907,"GO:0120014","IMP IEA","ENSMUSG00000017754"
"Up-regulated",TRUE,0.044517091958321,38,107,2,0.0186915887850467,0.0526315789473684,"GO:0170055","GO:MF","lipid transmembrane transporter activity",23512,9790,"GO:0005319;GO:0022857","IEA,ISS ISO IEA","ENSMUSG00000030737,ENSMUSG00000032849"
"Up-regulated",TRUE,0.044517091958321,106,107,3,0.0280373831775701,0.0283018867924528,"GO:0016298","GO:MF","lipase activity",23512,2680,"GO:0016788","IDA IEA,IDA,ISS IEA","ENSMUSG00000002847,ENSMUSG00000056973,ENSMUSG00000057074"
"Up-regulated",TRUE,0.044517091958321,36,107,2,0.0186915887850467,0.0555555555555556,"GO:0016229","GO:MF","steroid dehydrogenase activity",23512,2661,"GO:0016491","IDA IMP IEA,IEA","ENSMUSG00000016194,ENSMUSG00000069456"
"Up-regulated",TRUE,0.044517091958321,3,107,1,0.00934579439252336,0.333333333333333,"GO:0015432","GO:MF","ABC-type bile acid transporter activity",23512,2468,"GO:0015125;GO:0033285;GO:0034040;GO:0140359","ISS IEA","ENSMUSG00000032849"
"Up-regulated",TRUE,0.044517091958321,3,107,1,0.00934579439252336,0.333333333333333,"GO:0015265","GO:MF","urea channel activity",23512,2374,"GO:0015204;GO:0015267","IDA","ENSMUSG00000030762"
"Up-regulated",TRUE,0.044517091958321,3,107,1,0.00934579439252336,0.333333333333333,"GO:0140355","GO:MF","cargo receptor ligand activity",23512,9294,"GO:0005515","IDA","ENSMUSG00000020432"
"Up-regulated",TRUE,0.044517091958321,3,107,1,0.00934579439252336,0.333333333333333,"GO:0102007","GO:MF","acyl-L-homoserine-lactone lactonohydrolase activity",23512,8475,"GO:0046573","IEA","ENSMUSG00000002588"
"Up-regulated",TRUE,0.0488029878949704,41,107,2,0.0186915887850467,0.048780487804878,"GO:0140597","GO:MF","protein carrier chaperone",23512,9367,"GO:0140104","ISS IEA,ISS IEA","ENSMUSG00000008140,ENSMUSG00000078517"
"Up-regulated",TRUE,1.00403843910551e-11,1646,76,40,0.526315789473684,0.0243013365735115,"KEGG:01100","KEGG","Metabolic pathways",10539,184,"KEGG:00000","KEGG,KEGG,KEGG,KEGG,KEGG,KEGG,KEGG,KEGG,KEGG,KEGG,KEGG,KEGG,KEGG,KEGG,KEGG,KEGG,KEGG,KEGG,KEGG,KEGG,KEGG,KEGG,KEGG,KEGG,KEGG,KEGG,KEGG,KEGG,KEGG,KEGG,KEGG,KEGG,KEGG,KEGG,KEGG,KEGG,KEGG,KEGG,KEGG,KEGG","ENSMUSG00000001665,ENSMUSG00000003477,ENSMUSG00000011148,ENSMUSG00000015090,ENSMUSG00000016194,ENSMUSG00000020010,ENSMUSG00000020532,ENSMUSG00000020534,ENSMUSG00000020917,ENSMUSG00000023832,ENSMUSG00000024899,ENSMUSG00000024992,ENSMUSG00000025003,ENSMUSG00000026307,ENSMUSG00000026688,ENSMUSG00000027605,ENSMUSG00000027952,ENSMUSG00000028238,ENSMUSG00000030541,ENSMUSG00000032418,ENSMUSG00000033105,ENSMUSG00000033318,ENSMUSG00000037370,ENSMUSG00000039450,ENSMUSG00000040147,ENSMUSG00000040181,ENSMUSG00000041220,ENSMUSG00000041261,ENSMUSG00000042010,ENSMUSG00000042248,ENSMUSG00000044350,ENSMUSG00000052131,ENSMUSG00000054827,ENSMUSG00000056148,ENSMUSG00000061292,ENSMUSG00000069456,ENSMUSG00000074207,ENSMUSG00000074639,ENSMUSG00000089943,ENSMUSG00000089960"
"Up-regulated",TRUE,2.2070372450299e-09,89,76,11,0.144736842105263,0.123595505617978,"KEGG:05204","KEGG","Chemical carcinogenesis - DNA adducts",10539,472,"KEGG:00000","KEGG,KEGG,KEGG,KEGG,KEGG,KEGG,KEGG,KEGG,KEGG,KEGG,KEGG","ENSMUSG00000001665,ENSMUSG00000016194,ENSMUSG00000025003,ENSMUSG00000026688,ENSMUSG00000033318,ENSMUSG00000042248,ENSMUSG00000054827,ENSMUSG00000061292,ENSMUSG00000089943,ENSMUSG00000089960,ENSMUSG00000094156"
"Up-regulated",TRUE,1.25982258680679e-07,102,76,10,0.131578947368421,0.0980392156862745,"KEGG:00830","KEGG","Retinol metabolism",10539,129,"KEGG:00000","KEGG,KEGG,KEGG,KEGG,KEGG,KEGG,KEGG,KEGG,KEGG,KEGG","ENSMUSG00000025003,ENSMUSG00000042248,ENSMUSG00000054827,ENSMUSG00000056148,ENSMUSG00000061292,ENSMUSG00000069456,ENSMUSG00000074207,ENSMUSG00000074639,ENSMUSG00000089943,ENSMUSG00000089960"
"Up-regulated",TRUE,1.35324368307938e-06,71,76,8,0.105263157894737,0.112676056338028,"KEGG:00982","KEGG","Drug metabolism - cytochrome P450",10539,159,"KEGG:00000","KEGG,KEGG,KEGG,KEGG,KEGG,KEGG,KEGG,KEGG","ENSMUSG00000001665,ENSMUSG00000026688,ENSMUSG00000033318,ENSMUSG00000040147,ENSMUSG00000040181,ENSMUSG00000074207,ENSMUSG00000089943,ENSMUSG00000089960"
"Up-regulated",TRUE,1.67762912973842e-06,75,76,8,0.105263157894737,0.106666666666667,"KEGG:00980","KEGG","Metabolism of xenobiotics by cytochrome P450",10539,157,"KEGG:00000","KEGG,KEGG,KEGG,KEGG,KEGG,KEGG,KEGG,KEGG","ENSMUSG00000001665,ENSMUSG00000016194,ENSMUSG00000026688,ENSMUSG00000033318,ENSMUSG00000074207,ENSMUSG00000089943,ENSMUSG00000089960,ENSMUSG00000094156"
"Up-regulated",TRUE,8.26785272275357e-06,94,76,8,0.105263157894737,0.0851063829787234,"KEGG:00983","KEGG","Drug metabolism - other enzymes",10539,160,"KEGG:00000","KEGG,KEGG,KEGG,KEGG,KEGG,KEGG,KEGG,KEGG","ENSMUSG00000001665,ENSMUSG00000026688,ENSMUSG00000033318,ENSMUSG00000056973,ENSMUSG00000057074,ENSMUSG00000078964,ENSMUSG00000089943,ENSMUSG00000089960"
"Up-regulated",TRUE,1.14445406643315e-05,100,76,8,0.105263157894737,0.08,"KEGG:00140","KEGG","Steroid hormone biosynthesis",10539,18,"KEGG:00000","KEGG,KEGG,KEGG,KEGG,KEGG,KEGG,KEGG,KEGG","ENSMUSG00000016194,ENSMUSG00000022445,ENSMUSG00000025003,ENSMUSG00000042248,ENSMUSG00000054827,ENSMUSG00000061292,ENSMUSG00000089943,ENSMUSG00000089960"
"Up-regulated",TRUE,1.19300201984181e-05,44,76,6,0.0789473684210526,0.136363636363636,"KEGG:00620","KEGG","Pyruvate metabolism",10539,101,"KEGG:00000","KEGG,KEGG,KEGG,KEGG,KEGG,KEGG","ENSMUSG00000020532,ENSMUSG00000023832,ENSMUSG00000027605,ENSMUSG00000032418,ENSMUSG00000042010,ENSMUSG00000074207"
"Up-regulated",TRUE,0.00137598999894363,101,76,6,0.0789473684210526,0.0594059405940594,"KEGG:04976","KEGG","Bile secretion",10539,421,"KEGG:00000","KEGG,KEGG,KEGG,KEGG,KEGG,KEGG","ENSMUSG00000030762,ENSMUSG00000032849,ENSMUSG00000040584,ENSMUSG00000089943,ENSMUSG00000089960,ENSMUSG00000094156"
"Up-regulated",TRUE,0.00180290774091102,36,76,4,0.0526315789473684,0.111111111111111,"KEGG:00040","KEGG","Pentose and glucuronate interconversions",10539,5,"KEGG:00000","KEGG,KEGG,KEGG,KEGG","ENSMUSG00000039450,ENSMUSG00000052131,ENSMUSG00000089943,ENSMUSG00000089960"
"Up-regulated",TRUE,0.00291323604822955,17,76,3,0.0394736842105263,0.176470588235294,"KEGG:00450","KEGG","Selenocompound metabolism",10539,59,"KEGG:00000","KEGG,KEGG,KEGG","ENSMUSG00000003477,ENSMUSG00000024899,ENSMUSG00000026307"
"Up-regulated",TRUE,0.00291323604822955,230,76,8,0.105263157894737,0.0347826086956522,"KEGG:05207","KEGG","Chemical carcinogenesis - receptor activation",10539,475,"KEGG:00000","KEGG,KEGG,KEGG,KEGG,KEGG,KEGG,KEGG,KEGG","ENSMUSG00000001665,ENSMUSG00000005677,ENSMUSG00000026688,ENSMUSG00000027577,ENSMUSG00000033318,ENSMUSG00000061292,ENSMUSG00000089943,ENSMUSG00000089960"
"Up-regulated",TRUE,0.00447271159038519,134,76,6,0.0789473684210526,0.0447761194029851,"KEGG:04726","KEGG","Serotonergic synapse",10539,369,"KEGG:00000","KEGG,KEGG,KEGG,KEGG,KEGG,KEGG","ENSMUSG00000022445,ENSMUSG00000025003,ENSMUSG00000040147,ENSMUSG00000042248,ENSMUSG00000048240,ENSMUSG00000054827"
"Up-regulated",TRUE,0.00672312210167707,55,76,4,0.0526315789473684,0.0727272727272727,"KEGG:00591","KEGG","Linoleic acid metabolism",10539,95,"KEGG:00000","KEGG,KEGG,KEGG,KEGG","ENSMUSG00000025003,ENSMUSG00000042248,ENSMUSG00000054827,ENSMUSG00000061292"
"Up-regulated",TRUE,0.00905916324945478,27,76,3,0.0394736842105263,0.111111111111111,"KEGG:04981","KEGG","Folate transport and metabolism",10539,426,"KEGG:00000","KEGG,KEGG,KEGG","ENSMUSG00000020534,ENSMUSG00000030737,ENSMUSG00000032849"
"Up-regulated",TRUE,0.0127843011839586,31,76,3,0.0394736842105263,0.0967741935483871,"KEGG:00640","KEGG","Propanoate metabolism",10539,111,"KEGG:00000","KEGG,KEGG,KEGG","ENSMUSG00000020532,ENSMUSG00000027605,ENSMUSG00000042010"
"Up-regulated",TRUE,0.0132085489362659,32,76,3,0.0394736842105263,0.09375,"KEGG:00630","KEGG","Glyoxylate and dicarboxylate metabolism",10539,109,"KEGG:00000","KEGG,KEGG,KEGG","ENSMUSG00000020534,ENSMUSG00000023832,ENSMUSG00000027605"
"Up-regulated",TRUE,0.013625575624668,72,76,4,0.0526315789473684,0.0555555555555556,"KEGG:00480","KEGG","Glutathione metabolism",10539,62,"KEGG:00000","KEGG,KEGG,KEGG,KEGG","ENSMUSG00000001665,ENSMUSG00000026688,ENSMUSG00000030541,ENSMUSG00000033318"
"Up-regulated",TRUE,0.013625575624668,121,76,5,0.0657894736842105,0.0413223140495868,"KEGG:01200","KEGG","Carbon metabolism",10539,187,"KEGG:00000","KEGG,KEGG,KEGG,KEGG,KEGG","ENSMUSG00000020534,ENSMUSG00000023832,ENSMUSG00000027605,ENSMUSG00000030541,ENSMUSG00000032418"
"Up-regulated",TRUE,0.018623085747348,80,76,4,0.0526315789473684,0.05,"KEGG:01524","KEGG","Platinum drug resistance",10539,203,"KEGG:00000","KEGG,KEGG,KEGG,KEGG","ENSMUSG00000001665,ENSMUSG00000017146,ENSMUSG00000026688,ENSMUSG00000033318"
"Up-regulated",TRUE,0.018623085747348,133,76,5,0.0657894736842105,0.037593984962406,"KEGG:00230","KEGG","Purine metabolism",10539,23,"KEGG:00000","KEGG,KEGG,KEGG,KEGG,KEGG","ENSMUSG00000011148,ENSMUSG00000024899,ENSMUSG00000024992,ENSMUSG00000037370,ENSMUSG00000044350"
"Up-regulated",TRUE,0.023395768611725,88,76,4,0.0526315789473684,0.0454545454545455,"KEGG:00590","KEGG","Arachidonic acid metabolism",10539,94,"KEGG:00000","KEGG,KEGG,KEGG,KEGG","ENSMUSG00000015090,ENSMUSG00000025003,ENSMUSG00000042248,ENSMUSG00000054827"
"Up-regulated",TRUE,0.023395768611725,87,76,4,0.0526315789473684,0.0459770114942529,"KEGG:04146","KEGG","Peroxisome",10539,291,"KEGG:00000","KEGG,KEGG,KEGG,KEGG","ENSMUSG00000021416,ENSMUSG00000025464,ENSMUSG00000027952,ENSMUSG00000030541"
"Up-regulated",TRUE,0.034193136429477,51,76,3,0.0394736842105263,0.0588235294117647,"KEGG:00380","KEGG","Tryptophan metabolism",10539,49,"KEGG:00000","KEGG,KEGG,KEGG","ENSMUSG00000003477,ENSMUSG00000023832,ENSMUSG00000040147"
"Up-regulated",TRUE,0.034193136429477,51,76,3,0.0394736842105263,0.0588235294117647,"KEGG:04979","KEGG","Cholesterol metabolism",10539,424,"KEGG:00000","KEGG,KEGG,KEGG","ENSMUSG00000017754,ENSMUSG00000023045,ENSMUSG00000044254"
"Up-regulated",TRUE,0.0347121247978356,52,76,3,0.0394736842105263,0.0576923076923077,"KEGG:00071","KEGG","Fatty acid degradation",10539,11,"KEGG:00000","KEGG,KEGG,KEGG","ENSMUSG00000021416,ENSMUSG00000023832,ENSMUSG00000074207"
"Up-regulated",TRUE,0.0394017658128041,18,76,2,0.0263157894736842,0.111111111111111,"KEGG:00120","KEGG","Primary bile acid biosynthesis",10539,15,"KEGG:00000","KEGG,KEGG","ENSMUSG00000021259,ENSMUSG00000023963"
"Up-regulated",TRUE,0.0421335590175428,58,76,3,0.0394736842105263,0.0517241379310345,"KEGG:02010","KEGG","ABC transporters",10539,204,"KEGG:00000","KEGG,KEGG,KEGG","ENSMUSG00000024130,ENSMUSG00000032849,ENSMUSG00000040584"
"Up-regulated",TRUE,0.0421335590175428,19,76,2,0.0263157894736842,0.105263157894737,"KEGG:00061","KEGG","Fatty acid biosynthesis",10539,9,"KEGG:00000","KEGG,KEGG","ENSMUSG00000020532,ENSMUSG00000042010"
"Up-regulated",TRUE,0.0436294153036591,20,76,2,0.0263157894736842,0.1,"KEGG:00100","KEGG","Steroid biosynthesis",10539,14,"KEGG:00000","KEGG,KEGG","ENSMUSG00000023045,ENSMUSG00000033105"
"Up-regulated",TRUE,0.0458516046642305,62,76,3,0.0394736842105263,0.0483870967741935,"KEGG:01212","KEGG","Fatty acid metabolism",10539,189,"KEGG:00000","KEGG,KEGG,KEGG","ENSMUSG00000020532,ENSMUSG00000023832,ENSMUSG00000041220"
"Up-regulated",TRUE,0.0458516046642305,21,76,2,0.0263157894736842,0.0952380952380952,"KEGG:00770","KEGG","Pantothenate and CoA biosynthesis",10539,124,"KEGG:00000","KEGG,KEGG","ENSMUSG00000020010,ENSMUSG00000037370"
"Up-regulated",TRUE,2.78678451414176e-10,105,67,13,0.194029850746269,0.123809523809524,"REAC:R-MMU-9748784","REAC","Drug ADME",8514,424,"REAC:0000000","REAC,REAC,REAC,REAC,REAC,REAC,REAC,REAC,REAC,REAC,REAC,REAC,REAC","ENSMUSG00000002588,ENSMUSG00000016194,ENSMUSG00000027792,ENSMUSG00000030737,ENSMUSG00000032849,ENSMUSG00000040584,ENSMUSG00000054757,ENSMUSG00000056973,ENSMUSG00000060807,ENSMUSG00000061292,ENSMUSG00000074207,ENSMUSG00000089943,ENSMUSG00000089960"
"Up-regulated",TRUE,1.60506898759738e-09,1740,67,39,0.582089552238806,0.0224137931034483,"REAC:R-MMU-1430728","REAC","Metabolism",8514,854,"REAC:0000000","REAC,REAC,REAC,REAC,REAC,REAC,REAC,REAC,REAC,REAC,REAC,REAC,REAC,REAC,REAC,REAC,REAC,REAC,REAC,REAC,REAC,REAC,REAC,REAC,REAC,REAC,REAC,REAC,REAC,REAC,REAC,REAC,REAC,REAC,REAC,REAC,REAC,REAC,REAC","ENSMUSG00000002588,ENSMUSG00000002847,ENSMUSG00000006494,ENSMUSG00000011148,ENSMUSG00000015090,ENSMUSG00000016194,ENSMUSG00000020432,ENSMUSG00000020532,ENSMUSG00000020534,ENSMUSG00000020917,ENSMUSG00000021259,ENSMUSG00000023832,ENSMUSG00000023912,ENSMUSG00000023963,ENSMUSG00000024354,ENSMUSG00000024899,ENSMUSG00000025464,ENSMUSG00000026688,ENSMUSG00000027605,ENSMUSG00000027952,ENSMUSG00000030541,ENSMUSG00000030737,ENSMUSG00000032418,ENSMUSG00000033105,ENSMUSG00000033318,ENSMUSG00000039450,ENSMUSG00000040147,ENSMUSG00000040181,ENSMUSG00000041220,ENSMUSG00000042010,ENSMUSG00000048240,ENSMUSG00000052131,ENSMUSG00000054757,ENSMUSG00000056973,ENSMUSG00000060807,ENSMUSG00000061292,ENSMUSG00000074207,ENSMUSG00000089943,ENSMUSG00000089960"
"Up-regulated",TRUE,4.54990694647582e-08,207,67,14,0.208955223880597,0.0676328502415459,"REAC:R-MMU-211859","REAC","Biological oxidations",8514,176,"REAC:R-MMU-1430728","REAC,REAC,REAC,REAC,REAC,REAC,REAC,REAC,REAC,REAC,REAC,REAC,REAC,REAC","ENSMUSG00000021259,ENSMUSG00000023963,ENSMUSG00000024899,ENSMUSG00000025464,ENSMUSG00000026688,ENSMUSG00000027605,ENSMUSG00000033318,ENSMUSG00000040147,ENSMUSG00000040181,ENSMUSG00000056973,ENSMUSG00000061292,ENSMUSG00000074207,ENSMUSG00000089943,ENSMUSG00000089960"
"Up-regulated",TRUE,1.98711780453389e-06,25,67,6,0.0895522388059701,0.24,"REAC:R-MMU-9757110","REAC","Prednisone ADME",8514,1135,"REAC:R-MMU-9748784","REAC,REAC,REAC,REAC,REAC,REAC","ENSMUSG00000016194,ENSMUSG00000040584,ENSMUSG00000054757,ENSMUSG00000060807,ENSMUSG00000061292,ENSMUSG00000089943"
"Up-regulated",TRUE,5.88317010164227e-06,105,67,9,0.134328358208955,0.0857142857142857,"REAC:R-MMU-211945","REAC","Phase I - Functionalization of compounds",8514,1091,"REAC:R-MMU-211859","REAC,REAC,REAC,REAC,REAC,REAC,REAC,REAC,REAC","ENSMUSG00000021259,ENSMUSG00000023963,ENSMUSG00000025464,ENSMUSG00000027605,ENSMUSG00000040147,ENSMUSG00000040181,ENSMUSG00000056973,ENSMUSG00000061292,ENSMUSG00000074207"
"Up-regulated",TRUE,6.63860904191907e-06,17,67,5,0.0746268656716418,0.294117647058824,"REAC:R-MMU-9754706","REAC","Atorvastatin ADME",8514,143,"REAC:R-MMU-9748784","REAC,REAC,REAC,REAC,REAC","ENSMUSG00000002588,ENSMUSG00000030737,ENSMUSG00000040584,ENSMUSG00000061292,ENSMUSG00000089943"
"Up-regulated",TRUE,1.43096752110152e-05,121,67,9,0.134328358208955,0.0743801652892562,"REAC:R-MMU-8957322","REAC","Metabolism of steroids",8514,874,"REAC:R-MMU-556833","REAC,REAC,REAC,REAC,REAC,REAC,REAC,REAC,REAC","ENSMUSG00000016194,ENSMUSG00000021259,ENSMUSG00000023832,ENSMUSG00000023963,ENSMUSG00000027952,ENSMUSG00000033105,ENSMUSG00000052131,ENSMUSG00000054757,ENSMUSG00000060807"
"Up-regulated",TRUE,4.03989445267393e-05,45,67,6,0.0895522388059701,0.133333333333333,"REAC:R-MMU-9749641","REAC","Aspirin ADME",8514,134,"REAC:R-MMU-9748784","REAC,REAC,REAC,REAC,REAC,REAC","ENSMUSG00000027792,ENSMUSG00000030737,ENSMUSG00000056973,ENSMUSG00000061292,ENSMUSG00000089943,ENSMUSG00000089960"
"Up-regulated",TRUE,6.22221545604409e-05,592,67,17,0.253731343283582,0.0287162162162162,"REAC:R-MMU-556833","REAC","Metabolism of lipids",8514,865,"REAC:R-MMU-1430728","REAC,REAC,REAC,REAC,REAC,REAC,REAC,REAC,REAC,REAC,REAC,REAC,REAC,REAC,REAC,REAC,REAC","ENSMUSG00000002588,ENSMUSG00000002847,ENSMUSG00000015090,ENSMUSG00000016194,ENSMUSG00000020532,ENSMUSG00000020917,ENSMUSG00000021259,ENSMUSG00000023832,ENSMUSG00000023963,ENSMUSG00000027952,ENSMUSG00000033105,ENSMUSG00000041220,ENSMUSG00000042010,ENSMUSG00000052131,ENSMUSG00000054757,ENSMUSG00000060807,ENSMUSG00000061292"
"Up-regulated",TRUE,0.00196177458531867,11,67,3,0.0447761194029851,0.272727272727273,"REAC:R-MMU-193775","REAC","Synthesis of bile acids and bile salts via 24-hydroxycholesterol",8514,1577,"REAC:R-MMU-192105","REAC,REAC,REAC","ENSMUSG00000021259,ENSMUSG00000023963,ENSMUSG00000054757"
"Up-regulated",TRUE,0.00386833597753854,14,67,3,0.0447761194029851,0.214285714285714,"REAC:R-MMU-2022377","REAC","Metabolism of Angiotensinogen to Angiotensins",8514,855,"REAC:R-MMU-2980736","REAC,REAC,REAC","ENSMUSG00000027820,ENSMUSG00000028024,ENSMUSG00000056973"
"Up-regulated",TRUE,0.00683105153003312,166,67,7,0.104477611940299,0.0421686746987952,"REAC:R-MMU-8978868","REAC","Fatty acid metabolism",8514,519,"REAC:R-MMU-556833","REAC,REAC,REAC,REAC,REAC,REAC,REAC","ENSMUSG00000002588,ENSMUSG00000015090,ENSMUSG00000020532,ENSMUSG00000020917,ENSMUSG00000041220,ENSMUSG00000042010,ENSMUSG00000054757"
"Up-regulated",TRUE,0.0069104290006661,18,67,3,0.0447761194029851,0.166666666666667,"REAC:R-MMU-189483","REAC","Heme degradation",8514,668,"REAC:R-MMU-189445","REAC,REAC,REAC","ENSMUSG00000030737,ENSMUSG00000089943,ENSMUSG00000089960"
"Up-regulated",TRUE,0.0069104290006661,4,67,2,0.0298507462686567,0.5,"REAC:R-MMU-140179","REAC","Amine Oxidase reactions",8514,103,"REAC:R-MMU-211945","REAC,REAC","ENSMUSG00000025464,ENSMUSG00000040147"
"Up-regulated",TRUE,0.0170248415779602,97,67,5,0.0746268656716418,0.0515463917525773,"REAC:R-MMU-156580","REAC","Phase II - Conjugation of compounds",8514,1092,"REAC:R-MMU-211859","REAC,REAC,REAC,REAC,REAC","ENSMUSG00000024899,ENSMUSG00000026688,ENSMUSG00000033318,ENSMUSG00000089943,ENSMUSG00000089960"
"Up-regulated",TRUE,0.0176976990178614,641,67,13,0.194029850746269,0.0202808112324493,"REAC:R-MMU-382551","REAC","Transport of small molecules",8514,1724,"REAC:0000000","REAC,REAC,REAC,REAC,REAC,REAC,REAC,REAC,REAC,REAC,REAC,REAC,REAC","ENSMUSG00000017754,ENSMUSG00000020102,ENSMUSG00000023045,ENSMUSG00000024130,ENSMUSG00000028238,ENSMUSG00000030096,ENSMUSG00000030340,ENSMUSG00000030737,ENSMUSG00000030762,ENSMUSG00000032849,ENSMUSG00000040584,ENSMUSG00000044254,ENSMUSG00000048240"
"Up-regulated",TRUE,0.0176976990178614,7,67,2,0.0298507462686567,0.285714285714286,"REAC:R-MMU-5578768","REAC","Physiological factors",8514,1106,"REAC:R-MMU-5576891","REAC,REAC","ENSMUSG00000027820,ENSMUSG00000056973"
"Up-regulated",TRUE,0.0176976990178614,28,67,3,0.0447761194029851,0.107142857142857,"REAC:R-MMU-191273","REAC","Cholesterol biosynthesis",8514,284,"REAC:R-MMU-8957322","REAC,REAC,REAC","ENSMUSG00000023832,ENSMUSG00000027952,ENSMUSG00000033105"
"Up-regulated",TRUE,0.0176976990178614,104,67,5,0.0746268656716418,0.0480769230769231,"REAC:R-MMU-196849","REAC","Metabolism of water-soluble vitamins and cofactors",8514,877,"REAC:R-MMU-196854","REAC,REAC,REAC,REAC,REAC","ENSMUSG00000020432,ENSMUSG00000020532,ENSMUSG00000020534,ENSMUSG00000024354,ENSMUSG00000042010"
"Up-regulated",TRUE,0.0176976990178614,58,67,4,0.0597014925373134,0.0689655172413793,"REAC:R-MMU-2980736","REAC","Peptide hormone metabolism",8514,1081,"REAC:R-MMU-392499","REAC,REAC,REAC,REAC","ENSMUSG00000027792,ENSMUSG00000027820,ENSMUSG00000028024,ENSMUSG00000056973"
"Up-regulated",TRUE,0.0206554110735543,30,67,3,0.0447761194029851,0.1,"REAC:R-MMU-189445","REAC","Metabolism of porphyrins",8514,870,"REAC:R-MMU-1430728","REAC,REAC,REAC","ENSMUSG00000030737,ENSMUSG00000089943,ENSMUSG00000089960"
"Up-regulated",TRUE,0.0207630989147869,31,67,3,0.0447761194029851,0.0967741935483871,"REAC:R-MMU-192105","REAC","Synthesis of bile acids and bile salts",8514,1576,"REAC:R-MMU-194068","REAC,REAC,REAC","ENSMUSG00000021259,ENSMUSG00000023963,ENSMUSG00000054757"
"Up-regulated",TRUE,0.0207630989147869,31,67,3,0.0447761194029851,0.0967741935483871,"REAC:R-MMU-75105","REAC","Fatty acyl-CoA biosynthesis",8514,521,"REAC:R-MMU-8978868","REAC,REAC,REAC","ENSMUSG00000020532,ENSMUSG00000020917,ENSMUSG00000041220"
"Up-regulated",TRUE,0.0217646986776691,9,67,2,0.0298507462686567,0.222222222222222,"REAC:R-MMU-196780","REAC","Biotin transport and metabolism",8514,199,"REAC:R-MMU-196849","REAC,REAC","ENSMUSG00000020532,ENSMUSG00000042010"
"Up-regulated",TRUE,0.0217646986776691,170,67,6,0.0895522388059701,0.0352941176470588,"REAC:R-MMU-196854","REAC","Metabolism of vitamins and cofactors",8514,876,"REAC:R-MMU-1430728","REAC,REAC,REAC,REAC,REAC,REAC","ENSMUSG00000020432,ENSMUSG00000020532,ENSMUSG00000020534,ENSMUSG00000024354,ENSMUSG00000042010,ENSMUSG00000054757"
"Up-regulated",TRUE,0.0217646986776691,9,67,2,0.0298507462686567,0.222222222222222,"REAC:R-MMU-71384","REAC","Ethanol oxidation",8514,477,"REAC:R-MMU-211945","REAC,REAC","ENSMUSG00000027605,ENSMUSG00000074207"
"Up-regulated",TRUE,0.0316962415982977,11,67,2,0.0298507462686567,0.181818181818182,"REAC:R-MMU-2151201","REAC","Transcriptional activation of mitochondrial biogenesis",8514,1689,"REAC:R-MMU-1592230","REAC,REAC","ENSMUSG00000027605,ENSMUSG00000030541"
"Up-regulated",TRUE,0.0331561052151416,39,67,3,0.0447761194029851,0.0769230769230769,"REAC:R-MMU-196071","REAC","Metabolism of steroid hormones",8514,873,"REAC:R-MMU-8957322","REAC,REAC,REAC","ENSMUSG00000016194,ENSMUSG00000052131,ENSMUSG00000060807"
"Up-regulated",TRUE,0.036925189409979,41,67,3,0.0447761194029851,0.0731707317073171,"REAC:R-MMU-194068","REAC","Bile acid and bile salt metabolism",8514,173,"REAC:R-MMU-8957322","REAC,REAC,REAC","ENSMUSG00000021259,ENSMUSG00000023963,ENSMUSG00000054757"
"Up-regulated",TRUE,0.0395453915979479,13,67,2,0.0298507462686567,0.153846153846154,"REAC:R-MMU-2162123","REAC","Synthesis of Prostaglandins (PG) and Thromboxanes (TX)",8514,1573,"REAC:R-MMU-2142753","REAC,REAC","ENSMUSG00000015090,ENSMUSG00000054757"
"Up-regulated",TRUE,0.0395453915979479,43,67,3,0.0447761194029851,0.0697674418604651,"REAC:R-MMU-5362517","REAC","Signaling by Retinoic Acid",8514,1510,"REAC:R-MMU-9006931","REAC,REAC,REAC","ENSMUSG00000006494,ENSMUSG00000054757,ENSMUSG00000074207"
"Up-regulated",TRUE,0.0435800358506686,14,67,2,0.0298507462686567,0.142857142857143,"REAC:R-MMU-200425","REAC","Carnitine shuttle",8514,252,"REAC:R-MMU-8978868","REAC,REAC","ENSMUSG00000020532,ENSMUSG00000042010"
"Up-regulated",TRUE,0.0485143030890545,15,67,2,0.0298507462686567,0.133333333333333,"REAC:R-MMU-194002","REAC","Glucocorticoid biosynthesis",8514,620,"REAC:R-MMU-196071","REAC,REAC","ENSMUSG00000016194,ENSMUSG00000060807"
